Symbol,ISIN,Company Name,Board,Delisted Date,Type of Delisting
CABOTINDIA,INE144B01016,Cabot India Ltd,Main Board,15-Apr-02,Voluntary Delisting 
TOLANIBULK,INE051C01011,Tolani Bulk Carriers Ltd,Main Board,15-Apr-02,Voluntary Delisting 
HOGANAS,INE132A01013,Hoganas India Ltd,Main Board,07-Aug-02,Voluntary Delisting 
INFARINDIA,INE568A01018,Infar (India) Ltd.,Main Board,11-Oct-02,Voluntary Delisting 
CADBURY,INE184A01014,Cadbury India Limited,Main Board,07-Feb-03,Voluntary Delisting 
SRIVISHCEM,INE286B01015,Sri Vishnu Cement Ltd,Main Board,10-Mar-03,Voluntary Delisting 
MADURACOAT,INE122A01014,Madura Coats Limited,Main Board,25-Apr-03,Voluntary Delisting 
RECKCOLMAN,INE274A01013,Reckitt Benckiser (India) Ltd,Main Board,12-May-03,Voluntary Delisting 
BHARATHOT,INE466A01015,Bharat Hotels Limited,Main Board,17-Jun-03,Voluntary Delisting 
OTIS,INE099A01014,OTIS Elevator Company Ltd,Main Board,17-Jun-03,Voluntary Delisting 
INVELTRANS,INE527A01014,GKN Driveshafts (India) Limited,Main Board,29-Jul-03,Voluntary Delisting 
INDAL,INE249A01015,Indian Aluminium Co. Ltd.,Main Board,08-Apr-04,Voluntary Delisting 
DIGITALEQP,INE124A01010,Digital GlobalSoft Ltd.,Main Board,15-Apr-04,Voluntary Delisting 
ANIKSHIP,INE445701019,Anik Ship Breaking Industries Ltd.,Main Board,26-Jul-04,Compulsory Delisting 
BHARATPIPE,INE028301013,Bharat Pipes and Fittings Ltd,Main Board,26-Jul-04,Compulsory Delisting 
CRBCAPS,INE056701019,CRB Capital Markets Ltd,Main Board,26-Jul-04,Compulsory Delisting 
CRBCORP,INE056901015,CRB Corporation Ltd,Main Board,26-Jul-04,Compulsory Delisting 
GRMAGNET,INE523A01013,GR Magnets Ltd.,Main Board,26-Jul-04,Compulsory Delisting 
KAMALOVER,Not Available,Kamal Overseas Ltd.,Main Board,26-Jul-04,Compulsory Delisting 
KEDIADIST,INE129401019,Kedia Distilleries Ltd.,Main Board,26-Jul-04,Compulsory Delisting 
MARUTIORGN,INE188101013,Maruti Organics Limited,Main Board,26-Jul-04,Compulsory Delisting 
MRINALDYE,INE203201012,Mrinal Dyeing & Manufacturing Co. Ltd,Main Board,26-Jul-04,Compulsory Delisting 
PANASIAIND,INE230801016,Pan Asia Industries Ltd,Main Board,26-Jul-04,Compulsory Delisting 
REALVALAPL,INE980C01011,Real Value Appliance Ltd.,Main Board,26-Jul-04,Compulsory Delisting 
SHIVLOHMIL,INE294201012,Shivalik Loha Mills Ltd.,Main Board,26-Jul-04,Compulsory Delisting 
WESTINDIA,INE304901015,Western India Industries Ltd,Main Board,26-Jul-04,Compulsory Delisting 
WESTNPAQUE,INE305101011,Western Paques (India) Ltd,Main Board,26-Jul-04,Compulsory Delisting 
E-SERVEINT,INE784A01011,e-Serve International Limited,Main Board,22-Dec-04,Voluntary Delisting 
INDGYPSUM,INE561A01013,India Gypsum Ltd,Main Board,12-Jan-05,Voluntary Delisting 
HINDSPG,INE066D01017,Hindoostan Spinning and Weaving Mills Ltd,Main Board,05-Apr-05,Voluntary Delisting 
GFL,INE868A01020,Godrej Foods Limited,Main Board,19-Apr-05,Voluntary Delisting 
ABGHEAVY,INE580C01019,ABG Heavy Industries Ltd,Main Board,21-Jul-05,Voluntary Delisting 
WIMCOLTD,INE333A01025,Wimco Limited,Main Board,14-Dec-05,Voluntary Delisting 
POLYCHEM,INE752B01016,Polychem Ltd,Main Board,27-Dec-05,Voluntary Delisting 
DATTMEDI,INE480E01018,Datt Mediproducts Limited,Main Board,23-Jan-06,Voluntary Delisting 
FSS,INE801A01021,Flextronics Software Systems Limited,Main Board,10-Feb-06,Voluntary Delisting 
INTEGENT,INE227A01011,Integrated Enterprises (India) Limited,Main Board,29-May-06,Voluntary Delisting 
ADITYAINTL,INE908B01014,Aditya International Ltd.,Main Board,12-Feb-07,Voluntary Delisting 
EICHER,INE065A01023,Eicher Limited,Main Board,13-Mar-07,Voluntary Delisting 
YOKOGAWA,INE718A01019,Yokogawa India Limited,Main Board,10-May-07,Voluntary Delisting 
WARTSILA,INE057A01012,Wartsila India Ltd,Main Board,19-Jun-07,Voluntary Delisting 
OENCONNECT,INE669B01012,FCI OEN Connectors Limited,Main Board,17-Sep-07,Voluntary Delisting 
PAVCI,INE071B01011,Panasonic AVC Networks India Co. Limited.,Main Board,14-Dec-07,Voluntary Delisting 
ESTL,INE127A01021,Essar Steel Limited,Main Board,24-Dec-07,Voluntary Delisting 
IGS,INE177B01016,iGate Global Solutions Limited,Main Board,04-Feb-08,Voluntary Delisting 
BOSCHCHASY,INE053B01019,Bosch Chassis Systems India Ltd.,Main Board,07-Nov-08,Voluntary Delisting 
PENTACOMMU,INE408A01017,Pentasoft Technologies Limited,Main Board,09-Jan-09,Voluntary Delisting 
PENTSFWARE,INE202A01014,Pentamedia Graphics Limited,Main Board,09-Jan-09,Voluntary Delisting 
MALCO,INE223B01026,The Madras Aluminium Co Ltd,Main Board,19-Jun-09,Voluntary Delisting 
LOTTEINDIA,INE185A01011,Lotte India Corporation Limited,Main Board,31-Jul-09,Voluntary Delisting 
MATRIXLABS,INE604D01023,Matrix Laboratories Limited,Main Board,21-Aug-09,Voluntary Delisting 
PEARLGLOBL,INE787B01012,Pearl Global Ltd,Main Board,21-Aug-09,Voluntary Delisting 
SIGROUPIND,INE547A01012,SI Group - India Limited,Main Board,23-Sep-09,Voluntary Delisting 
PHILCORP,INE601A01017,PHIL Corporation Limited,Main Board,09-Feb-10,Voluntary Delisting 
MICRO,INE056A01014,Micro Inks Limited,Main Board,13-Apr-10,Voluntary Delisting 
HINVDIR,INE800B01013,HSBC InvestDirect (India) Limited,Main Board,15-Jul-10,Voluntary Delisting 
BINANICEM,INE042H01019,Binani Cement Limited,Main Board,30-May-11,Voluntary Delisting 
UTVSOF,INE507B01022,UTV Software Communications Limited,Main Board,16-Mar-12,Voluntary Delisting 
CAROLINFO,INE198A01014,Carol Info Services Limited,Main Board,19-Mar-12,Voluntary Delisting 
NIRMA,INE091A01029,Nirma Limited,Main Board,28-Mar-12,Voluntary Delisting 
ALFALAVAL,INE427A01017,Alfa Laval (India) Limited,Main Board,19-Apr-12,Voluntary Delisting 
SHPRE,INE318K01017,Shree Precoated Steels Limited,Main Board,10-May-12,Voluntary Delisting 
PATNI,INE660F01012,Patni Computer Systems Limited,Main Board,28-May-12,Voluntary Delisting 
CHEMPLAST,INE488A01027,Chemplast Sanmar Limited,Main Board,25-Jun-12,Voluntary Delisting 
BATLIBOI,INE177C01022,Batliboi Limited,Main Board,28-Jun-12,Voluntary Delisting 
CHETTINAD,INE132B01011,Chettinad Cement Corporation Limited,Main Board,07-Jun-13,Voluntary Delisting 
FKONCO,INE575G01010,Fresenius Kabi Oncology Limited,Main Board,10-Jan-14,Voluntary Delisting 
RBN,INE445K01018,Reliance Broadcast Network Limited,Main Board,28-Mar-14,Voluntary Delisting 
RELMEDIA,INE540B01015,Reliance MediaWorks Limited,Main Board,06-May-14,Voluntary Delisting 
JDORGOCHEM,INE263B01022,JD Orgochem Limited,Main Board,18-Jul-14,Voluntary Delisting 
PIRGLASS,INE748E01018,Piramal Glass Limited,Main Board,28-Jul-14,Voluntary Delisting 
NOVOPANIND,INE460B01016,Novopan Industries Limited,Main Board,10-Nov-14,Voluntary Delisting 
MANJUSHREE,INE435H01015,Manjushree Technopack Limited,Main Board,24-Mar-15,Voluntary Delisting 
WINSOMEDJ,INE664A01015,Winsome Diamonds and Jewellery Limited,Main Board,31-Mar-15,Voluntary Delisting 
GSLNOVA,INE787A01022,GSL Nova Petrochemicals Limited,Main Board,22-Apr-15,Voluntary Delisting 
ESSARPORTS,INE282A01024,Essar Ports Limited,Main Board,31-Dec-15,Voluntary Delisting 
ESSAROIL,INE011A01019,Essar Oil Limited,Main Board,17-Feb-16,Voluntary Delisting 
HECINFRA,Not Available,HEC Infra Projects Limited,ITP,18-Feb-16,Exit from ITP platform
BIRLACOT,INE655I01024,Birla Cotsyn (India) Limited,Main Board,16-Mar-16,Voluntary Delisting 
ZENITHCOMP,INE598B01013,Zenith Computers Limited,Main Board,18-Mar-16,Voluntary Delisting 
GUJSTATFIN,INE944A01011,Gujarat State Financial Corporation,Main Board,18-Mar-16,Voluntary Delisting 
HUSYS,INE336T01010,Husys Consulting Limited,ITP,09-Jun-16,Exit from ITP platform
NOVAIRNSTL,INE220001015,Nova Iron & Steel Ltd,Main Board,04-Jul-16,Voluntary Delisting 
CMMINFRA,INE289S01013,CMM Infraprojects Limited,ITP,05-Jul-16,Exit from ITP platform
SURAJCROP,INE565S01016,Suraj Cropsciences Limited,ITP,26-Jul-16,Exit from ITP platform
CHEMOXCHEM,INE448201017,Chemox Chemical Industries Limited,Main Board,31-Aug-16,Delisting - Liquidation
GANAPATEXP,INE451501014,Ganapati Exports Limited,Main Board,31-Aug-16,Delisting - Liquidation
HINDALLOYS,INE495501012,Hamco Mining & Smelting Limited,Main Board,31-Aug-16,Delisting - Liquidation
MANSUKHIND,Not Available,Mansukh Industries Limited,Main Board,31-Aug-16,Delisting - Liquidation
MARDIACHEM,INE273B01013,Mardia Chemicals Limited,Main Board,31-Aug-16,Delisting - Liquidation
MARDIASTL,INE439D01016,Mardia Steel Limited,Main Board,31-Aug-16,Delisting - Liquidation
MOOLEXPORT,INE388601010,Moolchand Exports Limited,Main Board,31-Aug-16,Delisting - Liquidation
MOTOROL,INE202601014,Motorol (I) Limited,Main Board,31-Aug-16,Delisting - Liquidation
PALPEUGEOT,INE411601011,Pal Peugeot Limited,Main Board,31-Aug-16,Delisting - Liquidation
PONNIORISA,INE096D01022,Ponni Sugars (Orissa) Limited,Main Board,31-Aug-16,Delisting - Liquidation
PRUDENTCM,INE250501017,Prudential Capital Markets Limited,Main Board,31-Aug-16,Delisting - Liquidation
SIVIND,INE639A01017,SIV Industries Limited,Main Board,31-Aug-16,Delisting - Liquidation
SMZSCHEM,INE894C01014,SMZS Chemicals Limited,Main Board,31-Aug-16,Delisting - Liquidation
VIBRANTINV,INE468101014,Vibrant  Investment and Properties Limited,Main Board,31-Aug-16,Delisting - Liquidation
ALPICFIN,INE429A01013,Alpic Finance Limited,Main Board,12-Sep-16,Delisting - Liquidation
ARIHANTCOT,INE006001015,Arihant Cotsyn Limited,Main Board,12-Sep-16,Delisting - Liquidation
BHUPENIND,INE447401014,BIL Industries Limited,Main Board,12-Sep-16,Delisting - Liquidation
BPLREFRIG,INE313A01019,B S Refrigerators Limited,Main Board,12-Sep-16,Delisting - Liquidation
BPLSANTECH,INE389A01019,BST Limited,Main Board,12-Sep-16,Delisting - Liquidation
CEATFIN,INE481A01014,CFL Capital Financial Services Limited,Main Board,12-Sep-16,Delisting - Liquidation
COMPUDYNE,INE531B01014,Compudyne Winosystems Limited,Main Board,12-Sep-16,Delisting - Liquidation
CYBERSPACE,INE063B01026,Cyberspace Limited,Main Board,12-Sep-16,Delisting - Liquidation
DRIND,INE197B01014,DR Softech & Industries Limited,Main Board,12-Sep-16,Delisting - Liquidation
DSJFINCORP,INE069401011,DSJ Finance Corporation Limited,Main Board,12-Sep-16,Delisting - Liquidation
ENKTEXFOOD,INE078501017,Enkay Texofood Industries Limited,Main Board,12-Sep-16,Delisting - Liquidation
HANILERA,INE021D01012,Hanil Era Textiles Limited,Main Board,12-Sep-16,Delisting - Liquidation
PATHEJAFOR,INE234901010,Patheja Forgings & Auto Parts Manufacturers Limited,Main Board,12-Sep-16,Delisting - Liquidation
PSTL,INE165H01018,Pyramid Saimira Theatre Limited,Main Board,12-Sep-16,Delisting - Liquidation
SNOWCEMIND,INE734A01016,Snowcem India Limited (SIL Business Enterprises Limited),Main Board,12-Sep-16,Delisting - Liquidation
SOUNDCRAFT,INE271A01027,Soundcraft Industries Limited,Main Board,12-Sep-16,Delisting - Liquidation
SQUAREDBIO,INE964A01019,Origin Agrostar Limited,Main Board,12-Sep-16,Delisting - Liquidation
VINCARDS,INE810A01022,Vintage Cards & Creations Limited,Main Board,12-Sep-16,Delisting - Liquidation
WOPOLIN,INE986C01018,Wopolin Plastics Limited,Main Board,12-Sep-16,Delisting - Liquidation
BENTOLCHEM,INE024601010,Chemox Laboratories Limited,Main Board,22-Nov-16,Compulsory Delisting 
CEPHAMILK,INE044601016,Cepham Milk Specialities Limited,Main Board,22-Nov-16,Compulsory Delisting 
DAMANIACM,INE059801014,Damania Capital Markets Limited,Main Board,22-Nov-16,Compulsory Delisting 
DARTLTD,INE060201014,Dataline and Research Technologies Limited,Main Board,22-Nov-16,Compulsory Delisting 
GRAPCOGRAN,INE099301017,Grapco Industries Limited,Main Board,22-Nov-16,Compulsory Delisting 
HMGIND,INE453001013,HMG Industries Limited,Main Board,22-Nov-16,Compulsory Delisting 
MANDUIND,Not Available,Mandu Industries Limited,Main Board,22-Nov-16,Compulsory Delisting 
NOVASTEEL,INE587E01010,Nova Steel India Limited,Main Board,22-Nov-16,Compulsory Delisting 
RAJINPIPE,INE259101017,Rajinder Pipes Limited,Main Board,22-Nov-16,Compulsory Delisting 
RAJINSTEEL,INE259201015,Rajinder Steels Limited,Main Board,22-Nov-16,Compulsory Delisting 
RUPANGIMPX,INE766B01024,Rupangi Impex Limited,Main Board,22-Nov-16,Compulsory Delisting 
SANDERIND,INE281801014,Sanderson Industries Limited,Main Board,22-Nov-16,Compulsory Delisting 
SUNSTARLUB,INE359101016,Sunstar Lubricants Limited,Main Board,22-Nov-16,Compulsory Delisting 
ZENGLOBAL,INE468701011,Zen Global Finance Limited,Main Board,22-Nov-16,Compulsory Delisting 
ARIHANTRED,INE747A01018,Arihant Threads Limited,Main Board,07-Feb-17,Compulsory Delisting 
KAMPERCONC,INE429401016,Kamper Concast Limited,Main Board,07-Feb-17,Compulsory Delisting 
KRISHNAENG,INE409C01011,Krishna Engineering Works Limited,Main Board,07-Feb-17,Compulsory Delisting 
MCSL,INE208S01013,Mahaveer Cotts Strings Limited,ITP,01-Mar-17,Exit from ITP platform
INFOBEANS,INE344S01016,InfoBeans Technologies Limited,ITP,01-Mar-17,Exit from ITP platform
BLUEBIRD,INE697H01010,Blue Bird (India) Limited,Main Board,24-Mar-17,Delisting - Liquidation
BPLENGG,INE108A01013,BPL Engineering Limited,Main Board,24-Mar-17,Delisting - Liquidation
SANGHIPOLY,INE146A01013,Sanghi Polyesters Limited,Main Board,24-Mar-17,Delisting - Liquidation
APOWERTOOL,INE870A01018,Consortex Karl Doelitzsch (India) Limited,Main Board,24-Mar-17,Compulsory Delisting 
ARIHANTIND,INE006401017,Arihant Industries Limited,Main Board,24-Mar-17,Compulsory Delisting 
BHORIND,INE160C01010,Bhor Industries Limited,Main Board,24-Mar-17,Compulsory Delisting 
CAUVERSOFT,INE466B01013,Cauvery Software Engineering Systems Limited,Main Board,24-Mar-17,Compulsory Delisting 
CDRMEDICAL,INE042201017,CDR Medical Industries Limited,Main Board,24-Mar-17,Compulsory Delisting 
COMPUTECH,INE751A01028,Computech International Limited,Main Board,24-Mar-17,Compulsory Delisting 
COREPARENT,INE494A01017,Core Healthcare Limited,Main Board,24-Mar-17,Compulsory Delisting 
EIDERTELE,INE210B01015,Eider Infotech Limited,Main Board,24-Mar-17,Compulsory Delisting 
ETPCORP,INE449601017,ETP Corporation Limited,Main Board,24-Mar-17,Compulsory Delisting 
EUROSOFTAL,INE511A01018,European Software Alliances Limited,Main Board,24-Mar-17,Compulsory Delisting 
GUJCYPROM,INE551001014,Gujarat Cypromet Limited,Main Board,24-Mar-17,Compulsory Delisting 
HARYANSHET,INE038D01016,Haryana Sheet Glass Limited,Main Board,24-Mar-17,Compulsory Delisting 
HITECHIJEW,INE454301016,Hitechi Jewellery Industries Limited,Main Board,24-Mar-17,Compulsory Delisting 
ITIL,INE569A01024,Information Technologies India Limited,Main Board,24-Mar-17,Compulsory Delisting 
KMF,Not Available,KMF Limited,Main Board,24-Mar-17,Compulsory Delisting 
LANESEDA,INE520B01017,Lan Eseda Industries Limited,Main Board,24-Mar-17,Compulsory Delisting 
MBIND,INE110601015,MB Industries Limited,Main Board,24-Mar-17,Compulsory Delisting 
NOVAELEMAG,INE219701013,Nova Electro Magnetics Limited,Main Board,24-Mar-17,Compulsory Delisting 
PANCHMACEM,INE231201018,Panchmahal Cement Company Limited,Main Board,24-Mar-17,Compulsory Delisting 
PATWIDECOM,INE234701014,Patel's Widecom (India) Limited,Main Board,24-Mar-17,Compulsory Delisting 
RINKIPETRO,INE270401016,Motorol Enterprises Limited,Main Board,24-Mar-17,Compulsory Delisting 
ROOFITIND,INE743A01017,Roofit Industries Limited,Main Board,24-Mar-17,Compulsory Delisting 
SCINTSOFT,INE355B01018,Scintilla Software Technology Limited,Main Board,24-Mar-17,Compulsory Delisting 
SHRVINDPPR,INE210D01011,Shree Vindhya Paper Mills Limited,Main Board,24-Mar-17,Compulsory Delisting 
SMFINANC,INE464101018,S M Finance Limited,Main Board,24-Mar-17,Compulsory Delisting 
SOMANICEM,INE372501010,Somani Cement Company Limited,Main Board,24-Mar-17,Compulsory Delisting 
SQRDSFWARE,INE286A01017,DSQ Software Limited,Main Board,24-Mar-17,Compulsory Delisting 
STEELTUBES,INE926A01018,Steel Tubes of India Limited,Main Board,24-Mar-17,Compulsory Delisting 
SUNEARTH,INE744A01015,Sun Earth Ceramics Limited,Main Board,24-Mar-17,Compulsory Delisting 
SYNTHCHEM,INE024A01012,Synthetics & Chemicals Limited,Main Board,24-Mar-17,Compulsory Delisting 
TELEDATAGL,INE480B01022,Teledata Informatics Limited,Main Board,24-Mar-17,Compulsory Delisting 
VISHALEXPO,INE167C01023,Vishal Exports Overseas Limited,Main Board,24-Mar-17,Compulsory Delisting 
VISIONLTD,INE514B01010,Vision Organics Limited,Main Board,24-Mar-17,Compulsory Delisting 
WELLWININD,INE752A01018,Wellwin Industry Limited,Main Board,24-Mar-17,Compulsory Delisting 
XEDDTELCOM,INE301101015,Xedd Telecom Limited,Main Board,24-Mar-17,Compulsory Delisting 
KRISNAFILA,INE073A01019,Krishna Filament Limited ,Main Board,02-May-17,Voluntary Delisting 
AMTL,INE436N01029,Advance Metering Technology Limited,Main Board,02-May-17,Voluntary Delisting 
 ANKURDRUGS ,INE238D01012,Ankur Drugs and Pharma Limited,Main Board,12-May-17,Delisting - Liquidation
ASHCONIUL,INE714F01033,Ashco Niulab Industries Limited,Main Board,12-May-17,Delisting - Liquidation
CREWBOS,INE514G01019,Crew B.O.S. Products Limited,Main Board,12-May-17,Delisting - Liquidation
DHANUS,INE406H01016,Dhanus Technologies Limited,Main Board,12-May-17,Delisting - Liquidation
IOLN,INE517C01011,IOL Netcom Limited,Main Board,12-May-17,Delisting - Liquidation
KOUTONS,INE406I01014,Koutons Retail India Limited,Main Board,12-May-17,Delisting - Liquidation
TELEDATAIT,INE391I01018,Teledata Technology Solutions Limited,Main Board,12-May-17,Delisting - Liquidation
TELEMARINE,INE473I01014,Teledata Marine Solutions Limited,Main Board,12-May-17,Delisting - Liquidation
CORAL-HUB,INE108J01030,Coral Hub Limited,Main Board,12-May-17,Compulsory Delisting 
DCHL,INE137G01027,Deccan Chronicle Holdings Limited,Main Board,12-May-17,Compulsory Delisting 
EVINIX,INE961H01028,Evinix Accessories Limited (currently known as Evinix Industries Limited),Main Board,12-May-17,Compulsory Delisting 
NUCHEM,INE946A01016,Nuchem Limited,Main Board,12-May-17,Compulsory Delisting 
PAREKHPLAT,INE598A01015,Parekh Platinum Limited,Main Board,12-May-17,Compulsory Delisting 
PASUPATI,INE095D01024,Pasupati Fabrics Limited,Main Board,12-May-17,Compulsory Delisting 
POLARIND,INE057B01010,Polar Industries Limited,Main Board,12-May-17,Compulsory Delisting 
SPANCO,INE360B01026,Spanco Limited,Main Board,12-May-17,Compulsory Delisting 
TAKSHEEL,INE889I01011,Taksheel Solutions Limited,Main Board,12-May-17,Compulsory Delisting 
VIKASHMET,INE158H01013,Vikash Metal & Power Limited,Main Board,12-May-17,Compulsory Delisting 
VIKASHMET,INE158H01013,SRG Infotec (India) Limited,Main Board,30-Jun-17,Voluntary Delisting 
ELITE,INE584S01017,Elite Conductors Limited,ITP,16-Aug-17,Exit from ITP platform
HOCL,INE048A01011,Hindustan Organic Chemicals Limited,Main Board,24-Aug-17,Voluntary Delisting 
ARAVALIIND,INE450C01015,Aravali Industries Limited,Main Board,15-Sep-17,Compulsory Delisting 
GROWTECHNO,INE184701014,Growth Techno Projects Limited,Main Board,15-Sep-17,Compulsory Delisting 
NAMASTEXP,INE583A01017,Namaste Exports Limited,Main Board,15-Sep-17,Compulsory Delisting 
NEPCAGRO,INE587A01018,NEPC Agro Foods Limited,Main Board,15-Sep-17,Compulsory Delisting 
NEPCTEX,INE574B01014,NEPC Textiles Limited,Main Board,15-Sep-17,Compulsory Delisting 
ORGINFO,INE686D01012,ORG Informatics Limited,Main Board,15-Sep-17,Compulsory Delisting 
SB&TINTL,INE465B01015,SB&T International Limited,Main Board,15-Sep-17,Compulsory Delisting 
PADMALAYAT,INE243B01016,Padmalaya Telefilms Limited,Main Board,25-Sep-17,Voluntary Delisting 
MOHINI,INE450S01011,Mohini Health & Hygiene Limited,ITP,25-Oct-17,Exit from ITP platform
PEPL,INE843A01023,Pearl Engineering Polymers Limited,Main Board,26-Feb-18,Compulsory Delisting 
ISPATPROF,INE798A01011,Ispat Profile (I) Limited ,Main Board,26-Feb-18,Delisting - Liquidation
MAARSOFTW,INE390A01017,Maars Software International Limited,Main Board,26-Mar-18,Compulsory Delisting 
"EMTEXIND
",INE907B01016,Emtex Industries ( India ) Limited,Main Board,26-Mar-18,Compulsory Delisting 
KLGSYSTEL,INE799A01019,KLG Systel Limited,Main Board,24-Apr-18,Compulsory Delisting 
CAPCO,INE012T01017,Capco Industries Limited,ITP,07-May-18,Exit from ITP platform
BPLSANUTIL,INE312A01011,B S Appliances Limited ,Main Board,22-May-18,Compulsory Delisting 
SAITELE,INE294C01017,Sai Television Limited ,Main Board,22-May-18,Compulsory Delisting 
AGRODUTCH ,INE135B01014,Agro Dutch Industries Limited,Main Board,30-May-18,Compulsory Delisting 
BROADCAST,INE698H01018,Broadcast Initiatives Limited,Main Board,30-May-18,Compulsory Delisting 
CRESTANI,INE774A01012,Crest Animation Studios Limited,Main Board,30-May-18,Compulsory Delisting 
KOPDRUGS,INE746A01010,KDL Biotech Limited,Main Board,30-May-18,Compulsory Delisting 
KEMROCK,INE990B01012,Kemrock Industries and Exports Limited,Main Board,30-May-18,Compulsory Delisting 
KFA,INE438H01019,Kingfisher Airlines Limited,Main Board,30-May-18,Compulsory Delisting 
NCOPPER,INE846H01039,Nissan Copper Limited,Main Board,30-May-18,Compulsory Delisting 
PLETHICO,INE491H01018,Plethico Pharmaceuticals Limited,Main Board,30-May-18,Compulsory Delisting 
SHRIASTER,INE900K01012,Shri Aster Silicates Limited,Main Board,30-May-18,Compulsory Delisting 
SURYAPHARM,INE249G01020,Surya Pharmaceuticals Limited,Main Board,30-May-18,Compulsory Delisting 
LUMAXAUTO,INE547G01019,Lumax Automotive Systems Limited,Main Board,30-May-18,Delisting - Liquidation
BRANDHOUSE,INE317J01011,Brandhouse Retails Limited,Main Board,30-May-18,Delisting - Liquidation
ELDERPHARM,INE975A01015,Elder Pharmaceuticals Limited,Main Board,30-May-18,Delisting - Liquidation
FIRSTLEASE,INE492B01019,First Leasing Company India Limited,Main Board,30-May-18,Delisting - Liquidation
GLODYNE,INE932G01021,Glodyne Technoserve Limited,Main Board,30-May-18,Delisting - Liquidation
HELIOSMATH,INE674B01012,Helios and Matheson Information Technology Limited,Main Board,30-May-18,Delisting - Liquidation
TULIP,INE122H01027,Tulip Telecom Limited,Main Board,30-May-18,Delisting - Liquidation
VARUN,INE032G01012,Varun Industries Limited,Main Board,30-May-18,Delisting - Liquidation
NEO,INE471R01019,Neopolitan Pizza Limited,ITP,14-Jun-18,Exit from ITP platform
FROGCELL,INE385O01018,Frog Cellsat Limited,ITP,20-Jun-18,Exit from ITP platform
AQUA,INE544K01026,Aqua Logistics Limited,Main Board,02-Jul-18,Delisting - Liquidation
ASIANELEC,INE441A01026,Asian Electronics Limited,Main Board,02-Jul-18,Delisting - Liquidation
BIRLAPOWER,INE224B01024,Birla Power Solutions Limited,Main Board,02-Jul-18,Delisting - Liquidation
CLASSIC,INE987C01024,Classic Diamonds (India) Limited,Main Board,02-Jul-18,Delisting - Liquidation
CLUTCHAUTO,INE779B01019,Clutch Auto Limited,Main Board,02-Jul-18,Delisting - Liquidation
COREEDUTEC,INE247G01024,Core Education & Technologies Limited,Main Board,02-Jul-18,Delisting - Liquidation
DRDATSONS,INE928K01013,Dr. Datson's Labs Limited,Main Board,02-Jul-18,Delisting - Liquidation
EDSERV,INE889J01019,Edserv Softsystems Limited,Main Board,02-Jul-18,Delisting - Liquidation
EVERONN,INE678H01010,Everonn Education Limited,Main Board,02-Jul-18,Delisting - Liquidation
GLORY,INE408H01012,Glory Polyfilms Limited,Main Board,02-Jul-18,Delisting - Liquidation
GTOFFSHORE,INE892H01017,GOL Offshore Limited,Main Board,02-Jul-18,Delisting - Liquidation
INNOIND,INE549I01011,Innoventive Industries Limited,Main Board,02-Jul-18,Delisting - Liquidation
JCTEL,INE264B01020,JCT Electronics Limited,Main Board,02-Jul-18,Delisting - Liquidation
LLOYDFIN,INE174A01015,Lloyds Finance Limited,Main Board,02-Jul-18,Delisting - Liquidation
MICROTECH,INE358B01012,Micro Technologies (India) Limited,Main Board,02-Jul-18,Delisting - Liquidation
PARAPRINT,INE702L01010,Paramount Printpackaging Limited,Main Board,02-Jul-18,Delisting - Liquidation
SHREEASHTA,INE538H01024,Shree Ashtavinayak Cine Vision Limited,Main Board,02-Jul-18,Delisting - Liquidation
SVOGL,INE756B01017,SVOGL Oil Gas & Energy Limited,Main Board,02-Jul-18,Delisting - Liquidation
TIMBOR,INE346L01016,Timbor Home Limited,Main Board,02-Jul-18,Delisting - Liquidation
TRICOM,INE771B01032,Tricom India Limited,Main Board,02-Jul-18,Delisting - Liquidation
TWILITAKA,INE783B01029,Twilight Litaka Pharma Limited,Main Board,02-Jul-18,Delisting - Liquidation
UBENGG,INE328C01013,UB Engineering Limited,Main Board,02-Jul-18,Delisting - Liquidation
ZENITHINFO,INE899A01017,Zenith Infotech Limited,Main Board,02-Jul-18,Delisting - Liquidation
POLARIS,INE763A01023,Polaris Consulting & Services Limited,Main Board,01-Aug-18,Voluntary Delisting 
ACROPETAL,INE055L01013,Acropetal Technologies Limited,Main Board,08-Aug-18,Compulsory Delisting 
AFTEK,INE796A01023,Aftek Limited,Main Board,08-Aug-18,Compulsory Delisting 
ARVINDREM,INE211C01037,Arvind Remedies Limited,Main Board,08-Aug-18,Compulsory Delisting 
CMAHENDRA,INE378J01013,C Mahendra Exports Limited,Main Board,08-Aug-18,Compulsory Delisting 
GEINDSYS,INE599B01011,Gei Industrial Systems Limited,Main Board,08-Aug-18,Compulsory Delisting 
HINDEVELOP,INE168501018,Hindustan Development Corporation Limited,Main Board,08-Aug-18,Compulsory Delisting 
KNDENGTECH,INE122801017,KND Engineering Technologies Limited,Main Board,08-Aug-18,Compulsory Delisting 
MURLIIND,INE806B01028,Murli Industries Limited,Main Board,08-Aug-18,Compulsory Delisting 
NEPCMICON,INE588A01016,NEPC India Limited,Main Board,08-Aug-18,Compulsory Delisting 
NRC,INE953C01018,NRC Limited,Main Board,08-Aug-18,Compulsory Delisting 
ORBITCORP,INE628H01015,Orbit Corporation Limited,Main Board,08-Aug-18,Compulsory Delisting 
PARAL,INE620C01013,Parekh Aluminex Limited,Main Board,08-Aug-18,Compulsory Delisting 
SGJHL,INE553K01019,Shree Ganesh Jewellery House (I) Limited,Main Board,08-Aug-18,Compulsory Delisting 
SHRENUJ,INE633A01028,Shrenuj & Company Limited,Main Board,08-Aug-18,Compulsory Delisting 
SPECTACLE,INE409H01028,Spectacle Ventures Ltd,Main Board,08-Aug-18,Compulsory Delisting 
SUPERFORGE,INE661A01011,Super Forgings & Steels Limited,Main Board,08-Aug-18,Compulsory Delisting 
SURYAJYOTI,INE411C01017,Suryajyoti Spinning Mills Limited,Main Board,08-Aug-18,Compulsory Delisting 
TECPRO,INE904H01010,Tecpro Systems Limited,Main Board,08-Aug-18,Compulsory Delisting 
VATSMUSC,INE816A01029,Vatsa Music Limited,Main Board,08-Aug-18,Compulsory Delisting 
OMNITECH,INE810H01019,Omnitech Infosolutions Limited,Main Board,08-Aug-18,Delisting - Liquidation
KARUNACAB,INE774B01028,Karuna Cables Limited,Main Board,08-Aug-18,Voluntary Delisting 
CRANESSOFT,INE234B01023,Cranes Software International Limited,Main Board,08-Aug-18,Voluntary Delisting 
DUNCANSLTD,INE508A01022,Duncans Industries Limited,Main Board,11-Sep-18,Compulsory Delisting 
MALWACOTT,INE272B01015,Malwa Cotton Spg. Mills Limited,Main Board,11-Sep-18,Compulsory Delisting 
NET4,INE553E01012,Net 4 India Limited,Main Board,11-Sep-18,Compulsory Delisting 
NETVISTAIT,INE738A01017,Netvista Information Technology Ltd,Main Board,11-Sep-18,Compulsory Delisting 
PRITHVI,INE700C01013,Prithvi Information Solutions Limited,Main Board,11-Sep-18,Compulsory Delisting 
REISIXTEN,INE849J01021,REI Six Ten Retail Limited,Main Board,11-Sep-18,Compulsory Delisting 
SOFTTECHGR,INE863A01013,Software Technology Group International Limited,Main Board,11-Sep-18,Compulsory Delisting 
SUDAR,INE384L01017,Sudar Industries Limited,Main Board,11-Sep-18,Compulsory Delisting 
VATSALTD,INE522B01021,Vatsa Corporations Ltd,Main Board,11-Sep-18,Compulsory Delisting 
VKSPL,INE213M01024,VKS Projects Limited,Main Board,11-Sep-18,Compulsory Delisting 
DECOLIGHT,INE172I01012,Decolight Ceramics Limited,Main Board,11-Sep-18,Delisting - Liquidation
GEODESIC,INE371D01029,Geodesic Limited,Main Board,11-Sep-18,Delisting - Liquidation
REIAGROLTD,INE385B01031,Rei Agro Limited,Main Board,11-Sep-18,Delisting - Liquidation
UBHOLDINGS,INE696A01025,United Breweries (Holdings) Limited,Main Board,11-Sep-18,Delisting - Liquidation
AICHAMP,INE768E01024,AI Champdany Industries Limited,Main Board,17-Oct-18,Voluntary Delisting 
QVC,INE899Q01013,QVC Realty Co. Limited,ITP,13-Dec-18,Exit from ITP platform
ELECTROSL,INE481K01021,ELECTROSTEEL STEELS LIMITED,Main Board,20-Dec-18,Voluntary Delisting 
INFINITE,INE486J01014,Infinite Computer Solutions (India) Limited,Main Board,21-Dec-18,Voluntary Delisting 
VITALCOMM,INE377B01012,Vital Communications Limited,Main Board,27-Dec-18,Compulsory Delisting 
JENSONICOL,INE819B01021,Jenson & Nicholson (lndia) Limited ,Main Board,13-Feb-19,Delisting - Liquidation
SIRPAPER,INE202C01010,The Sirpur Paper Mills Limited,Main Board,19-Mar-19,Voluntary Delisting 
SALORAINTL,INE924A01013,Salora International Limited,Main Board,25-Apr-19,Voluntary Delisting 
ECEIND,INE588B01014,ECE Industries Limited,Main Board,17-May-19,Voluntary Delisting 
RAMGOPOLY,INE410D01017,Ramgopal Polytex Limited,Main Board,25-Jul-19,Voluntary Delisting 
KITPLYIND,INE147B01019,Kitply Industries Limited ,Main Board,20-Aug-19,Voluntary Delisting 
ELAND,INE311H01018,E-Land Apparel Limited,Main Board,01-Oct-19,Voluntary Delisting 
AMAR,INE787G01011,Amar Remedies Limited,Main Board,17-Oct-19,Delisting - Liquidation
SUPREMETEX,INE651G01027,Supreme Tex Mart Limited,Main Board,17-Oct-19,Delisting - Liquidation
SAMTEL,INE381A01016,Samtel Color Limited,Main Board,17-Oct-19,Delisting - Liquidation
HINDDORROL,INE551A01022,Hindustan Dorr-Oliver Limited,Main Board,17-Oct-19,Delisting - Liquidation
SERVALL,INE431L01016,Servalakshmi Paper Limited,Main Board,17-Oct-19,Delisting - Liquidation
LML,INE862A01015,LML Limited,Main Board,17-Oct-19,Delisting - Liquidation
HANUNG,INE648H01013,Hanung Toys and Textiles Limited,Main Board,17-Oct-19,Delisting - Liquidation
MOSERBAER,INE739A01015,Moser-Baer (I) Limited,Main Board,17-Oct-19,Delisting - Liquidation
LITL,INE785C01048,Lanco Infratech Limited,Main Board,17-Oct-19,Delisting - Liquidation
NITESHEST,INE639K01016,NEL Holdings Limited,Main Board,07-Nov-19,Voluntary Delisting 
KAWIRES,INE372S01017,K A Wires Limited,ITP,27-Dec-19,Exit from ITP platform
KESARENT,INE133B01019,Kesar Enterprises Limited,Main Board,07-Jan-20,Voluntary Delisting 
KTIL,INE096L01025,Kesar Terminals & Infrastructure Limited,Main Board,07-Jan-20,Voluntary Delisting 
ASSAMCO,INE442A01024,Assam Company India Limited,Main Board,20-Jan-20,Voluntary Delisting 
RAJASPETRO,INE257501010,Rajasthan Petro Synthetics Limited,Main Board,13-Feb-20,Voluntary Delisting 
ENTEGRA,INE826A01028,Entegra Limited,Main Board,02-Mar-20,Compulsory Delisting 
ABGSHIP,INE067H01016,ABG Shipyard Limited,Main Board,02-Mar-20,Delisting - Liquidation
GEMINI,INE878C01033,Gemini Communication Limited,Main Board,02-Mar-20,Delisting - Liquidation
SHILPI,INE510K01019,Shilpi Cable Technologies Limited,Main Board,02-Mar-20,Delisting - Liquidation
SURANAIND,INE659D01019,Surana Industries Limited,Main Board,02-Mar-20,Delisting - Liquidation
TODAYS,INE944B01019,Todays Writing Instruments Limited,Main Board,02-Mar-20,Delisting - Liquidation
USHERAGRO,INE235G01011,Usher Agro Limited,Main Board,02-Mar-20,Delisting - Liquidation
PRASGLOFIN,INE463201017,Silicon Valley Infotech Limited,Main Board,17-Mar-20,Voluntary Delisting 
FIRSTWIN,INE315J01015,First Winner Industries Limited,Main Board,10-Jul-20,Compulsory Delisting 
PANORAMUNI,INE194B01029,Panoramic Universal Limited,Main Board,10-Jul-20,Compulsory Delisting 
FARMAXIND,INE890I01035,Farmax India Limited,Main Board,10-Jul-20,Compulsory Delisting 
ANGIND,INE017D01010,ANG Industries Limited,Main Board,10-Jul-20,Delisting - Liquidation
NICCO,INE241C01026,Nicco Corporation Limited,Main Board,10-Jul-20,Delisting - Liquidation
RASOYPR,INE904G01038,Rasoya Proteins Limited,Main Board,10-Jul-20,Delisting - Liquidation
EDL,INE180G01019,Empee Distilleries Limited,Main Board,24-Jul-20,Voluntary Delisting 
AVENTUS,INE587S01010,Aventus Buildcon Limited,ITP,04-Aug-20,Exit from ITP platform
HEXAWARE,INE093A01033,Hexaware Technologies Limited,Main Board,09-Nov-20,Voluntary Delisting 
ADHUNIK,INE400H01019,Adhunik Metaliks Limited,Main Board,17-Nov-20,Voluntary Delisting 
UVSL,INE292A01023,Uttam Value Steels Limited,Main Board,01-Dec-20,Voluntary Delisting 
LAKSHVILAS,INE694C01018,Lakshmi Vilas Bank Limited,Main Board,18-Dec-20,"Pursuant to gazette notification dated November 25, 2020 issued by Department of Financial Services, Ministry of Finance."
GARDENSILK,INE526A01016,Garden Silk Mills Limited,Main Board,08-Feb-21,Voluntary Delisting 
BILPOWER,INE952D01018,Bilpower Limited,Main Board,24-Feb-21,Compulsory Delisting 
POCHIRAJU,INE332G01032,Pochiraju Industries Limited,Main Board,24-Feb-21,Compulsory Delisting 
SGFL,INE883G01018,Shree Ganesh Forgings Limited,Main Board,24-Feb-21,Compulsory Delisting 
VIJSHAN,INE806F01011,Vijay Shanthi Builders Limited,Main Board,24-Feb-21,Compulsory Delisting 
NARMADASUG,INE209601017,Girdharilal Sugar and Allied Industries Ltd,Main Board,24-Feb-21,Compulsory Delisting 
ZYLOG,INE225I01026,Zylog Systems Limited,Main Board,24-Feb-21,Delisting - Liquidation
SURANACORP,INE357D01010,Surana Corporation Limited,Main Board,24-Feb-21,Delisting - Liquidation
BSLIMITED,INE043K01029,BS Limited,Main Board,24-Feb-21,Delisting - Liquidation
SKUMARSYNF,INE772A01016,S. Kumars Nationwide Limited,Main Board,24-Feb-21,Delisting - Liquidation
SUNILHITEC,INE305H01028,Sunil Hitech Engineers Limited,Main Board,24-Feb-21,Delisting - Liquidation
TARAJEWELS,INE799L01016,Tara Jewels Limited,Main Board,24-Feb-21,Delisting - Liquidation
KHAITANELE,INE761A01019,Khaitan Electricals Limited,Main Board,24-Feb-21,Delisting - Liquidation
PROVOGE,INE968G01033,Provogue (India) Limited,Main Board,24-Feb-21,Delisting - Liquidation
NAGAROIL,INE453M01018,Nagarjuna Oil Refinery Limited,Main Board,24-Feb-21,Delisting - Liquidation
BABAFOOD,INE672X01010,Baba Agro Food Limited,SME,05-Mar-21,Voluntary Delisting 
GTNIND,INE537A01013,"GTN Industries
Limited",Main Board,22-Mar-21,Voluntary Delisting 
GLOBOFFS,INE446C01013,"Global
Offshore
Services
Limited",Main Board,22-Mar-21,Voluntary Delisting 
CNOVAPETRO,INE672K01025,CIL Nova Petrochemicals Limited,Main Board,13-Apr-21,Voluntary Delisting 
NOESISIND,INE141B01020,Noesis Industries Limited,Main Board,22-Apr-21,Delisting - Liquidation
PETRONENGG,INE742A01019,Petron Engineering Construction Limited,Main Board,22-Apr-21,Delisting - Liquidation
PRABHAT,INE302M01033,Prabhat Dairy Limited,Main Board,30-Apr-21,Voluntary Delisting 
JAIHINDPRO,INE343D01010,Jaihind Projects Limited,Main Board,16-Jun-21,Voluntary Delisting 
SANGHVIFOR,INE263L01013,Sanghvi Forging and Engineering Limited,Main Board,17-Jun-21,Voluntary Delisting 
HUSYSLTD,INE336T01010,Husys Consulting Limited,SME,08-Jul-21,Voluntary Delisting 
BSELINFRA,INE395A01016,BSEL Infrastructure Realty Limited,Main Board,20-Jul-21,Voluntary Delisting 
SICAGEN,INE176J01011,Sicagen India Limited,Main Board,29-Jul-21,Voluntary Delisting 
SUJANAUNI,INE216G01011,Sujana Universal Industries Limited,Main Board,09-Aug-21,Voluntary Delisting 
PARABDRUGS,INE618H01016,Parabolic Drugs Limited,Main Board,11-Aug-21,Voluntary Delisting 
ESSDEE,INE825H01017,Ess Dee Aluminium Limited,Main Board,27-Aug-21,Compulsory Delisting 
HIGHGROUND,INE361M01021,High Ground Enterprise Limited,Main Board,27-Aug-21,Compulsory Delisting 
SITASHREE,INE686I01011,Sita Shree Food Products Limited,Main Board,27-Aug-21,Compulsory Delisting 
SHLAKSHMI,INE851B01016,Shri Lakshmi Cotsyn Limited,Main Board,27-Aug-21,Delisting - Liquidation
SRSLTD,INE219H01039,SRS Limited,Main Board,27-Aug-21,Delisting - Liquidation
HINDSYNTEX,INE155B01012,Hind Syntex Limited,Main Board,03-Sep-21,Compulsory Delisting 
JVLAGRO,INE430G01026,JVL Agro Industries Limited,Main Board,03-Sep-21,Delisting - Liquidation
GUJNRECOKE,INE110D01013,Gujarat NRE Coke Limited,Main Board,24-Sep-21,Delisting - Liquidation
GUJNREDVR,IN9110D01011,Gujarat NRE Coke Limited,Main Board,24-Sep-21,Delisting - Liquidation
AMTEKAUTO,INE130C01021,Amtek Auto Limited,Main Board,27-Sep-21,Voluntary Delisting 
ZODJRDMKJ,INE077B01018,Zodiac JRD- MKJ Limited,Main Board,28-Sep-21,Voluntary Delisting 
DHFL,INE202B01012,Dewan Housing Finance Corporation Limited,Main Board,29-Sep-21,Voluntary Delisting 
SIMPLEX,INE898F01018,Simplex Projects Limited,Main Board,26-Nov-21,Compulsory Delisting 
CKPPRODUCT,INE977V01017,CKP Products Limited?,SME,26-Nov-21,Compulsory Delisting 
CASTEXTECH,INE068D01021,Castex Technologies Limited,Main Board,07-Dec-21,Voluntary Delisting 
MMNL,INE702S01015,MIG Media Neurons Limited,ITP,21-Dec-21,Exit from ITP platform
SYNCOM ,"INE602K01014	",Syncom Healthcare Limited,Main Board,14-Jan-22,Voluntary Delisting 
SMPL,INE215G01021,Splendid Metal Products Limited,Main Board,14-Jan-22,Voluntary Delisting 
PATSPINLTD,INE790C01014,Patspin India Limited,Main Board,19-Jan-22,Voluntary Delisting 
GTNTEX,INE302H01017,GTN Textiles Limited,Main Board,19-Jan-22,Voluntary Delisting 
ARIHANT,INE413D01011,Arihant Foundations & Housing Limited,Main Board,11-Feb-22,Voluntary Delisting 
KWALITY,INE775B01025,Kwality Limited,Main Board,28-Feb-22,Voluntary Delisting 
PRADIP,INE495J01015,Pradip Overseas Limited,Main Board,16-Mar-22,Voluntary Delisting 
PUSHPREALM,INE728W01012,Pushpanjali Realms and Infratech Limited,SME,23-Mar-22,Compulsory Delisting 
STINDIA,INE090C01019,STI India Limited,Main Board,23-Mar-22,Compulsory Delisting 
VIMALOIL,INE067D01015,Vimal Oil & Foods Ltd,Main Board,23-Mar-22,Delisting - Liquidation
PAEL,INE766A01018,PAE Limited,Main Board,18-Apr-22,Voluntary Delisting 
ROHITFERRO,INE248H01012,Rohit Ferro-Tech Limited,Main Board,04-May-22,Voluntary Delisting 
CHROMATIC,INE662C01015,Chromatic India Limited,Main Board,18-Jul-22,Compulsory Delisting 
PBAINFRA,INE160H01019,PBA Infrastructure Limited,Main Board,01-Sep-22,Voluntary Delisting 
RAMSARUP,INE005D01015,Ramsarup Industries Limited ,Main Board,29-Sep-22,Voluntary Delisting 
ANSALHSG,INE880B01015,Ansal Housing Limited,Main Board,19-Oct-22,Voluntary Delisting 
TCIDEVELOP,INE662L01016,TCI Developers Limited,Main Board,18-Nov-22,Voluntary Delisting 
UTTAMSTL,INE699A01011,Uttam Galva Steels Limited,Main Board,08-Dec-22,Voluntary Delisting 
AUSTRAL,INE455J01027,Austral Coke & Projects Limited,Main Board,15-Dec-22,Compulsory Delisting 
BHAGYAPROP,INE363W01018,Bhagyanagar Properties Limited ,Main Board,19-Dec-22,Voluntary Delisting 
SUBCAPCITY,INE845C01016,International Constructions Limited,Main Board,12-Jan-23,Voluntary Delisting 
COX&KINGS,INE008I01026,Cox & Kings Limited,Main Board,23-Feb-23,Delisting - Liquidation
STERLINBIO,INE324C01038,Sterling Biotech Limited,Main Board,03-Mar-23,Voluntary Delisting 
SINTEX,INE429C01035,Sintex Industries Limited,Main Board,10-Mar-23,Voluntary Delisting 
CKPLEISURE,INE418Y01016,CKP Leisure Limited,SME,22-Mar-23,Compulsory Delisting 
POWERFUL,INE650Z01011,Powerful Technologies Limited,SME,22-Mar-23,Compulsory Delisting 
DFMFOODS,INE456C01020,DFM Foods Limited,Main Board,05-Apr-23,Voluntary Delisting 
PSL,INE474B01017,PSL Limited,Main Board,21-Apr-23,Delisting - Liquidation
EMCO,INE078A01026,Emco Limited ,Main Board,28-Apr-23,Delisting - Liquidation
AUTORIDFIN,INE450A01019,Autoriders Finance Limited,Main Board,23-May-23,Compulsory Delisting 
NATNLSTEEL,INE088B01015,National Steel And Agro Industries Limited,Main Board,27-Jun-23,Voluntary Delisting 
MRO,INE330R01017,M.R. Organisation Limited,ITP,08-Aug-23,Exit from ITP platform
OISL,INE196J01019,OCL Iron and Steel Limited,Main Board,18-Aug-23,Voluntary Delisting 
AUTOLITIND ,INE448A01013,Autolite (India) Limited,Main Board,29-Aug-23,Compulsory Delisting 
VIRESCENT,INE0GYU23027 *,Virescent Renewable Energy Trust,Main Board,07-Sep-23,Voluntary Delisting 
THIRUSUGAR,INE409A01015,Thiru Arooran Sugars Limited,Main Board,20-Nov-23,Voluntary Delisting 
SREINFRA,INE872A01014,SREI Infrastructure Finance Limited,Main Board,14-Dec-23,Voluntary Delisting
SREIBNPNCD,INE881J07DQ3,Srei Equipment Finance Limited,Main Board,14-Dec-23,Voluntary Delisting
JMTAUTOLTD,INE988E01036,JMT Auto Limited,Main Board,18-Dec-23,Voluntary Delisting
SHARONBIO,INE028B01029,Sharon Bio-Medicine Limited,Main Board,20-Feb-24,Voluntary Delisting
MOHOTAIND,INE313D01013,Mohota Industries Limited,Main Board,28-Mar-24,Voluntary Delisting
SONISOYA,INE301Z01011,Soni Soya Products Limited ,SME,05-Jul-24,Compulsory Delisting 
LGBFORGE,INE201J01017,LGB Forge Limited,Main Board,06-Aug-24,Voluntary Delisting
BIRLATYRE,INE0AEJ01013,Birla Tyres Limited,Main Board,08-Aug-24,Voluntary Delisting
SBIHOMEFIN,INE627A01012,SBI Home Finance Limited,Main Board ,12-Aug-24,Operation of Law
CELESTIAL,INE221I01017,Celestial Biolabs Limited ,Main Board,17-Oct-24,Compulsory Delisting 
JIKIND,INE026B01049,JIK Industries Limited,Main Board,17-Oct-24,Compulsory Delisting 
JINDCOT,INE904J01016,Jindal Cotex Limited,Main Board,11-Nov-24,Compulsory Delisting 
RELCAPITAL,INE013A01015,Reliance Capital Limited,Main Board,13-Feb-25,Voluntary Delisting
JPINFRATEC,INE099J01015,Jaypee Infratech Limited,Main Board,21-Feb-25,Voluntary Delisting
MVL,INE744I01034,MVL Limited,Main Board,28-Feb-25,Compulsory Delisting 
METALFORGE,INE425A01011,Metalyst Forgings Limited,Main Board,26-Mar-25,Voluntary Delisting
SPTL,INE501W01021,Sintex Plastics Technology Limited,Main Board,21-May-25,Voluntary Delisting
SATHAISPAT,INE176C01016,Sathavahana Ispat Limited ,Main Board,01-Jul-25,Voluntary Delisting
OCCL,INE321D01016,Oriental Carbon & Chemicals Limited,Main Board,15-Jul-25,Voluntary Delisting
SSINFRA,INE182Z01015,S.S. Infrastructure Development Consultants Limited,SME,25-Jul-25,Compulsory Delisting 
PENTAGOLD,INE175Y01012,Penta Gold Limited,SME,25-Jul-25,Compulsory Delisting 
MANPASAND,INE122R01018,Manpasand Beverages Limited,Main Board,05-Aug-25,Compulsory Delisting 
HINDNATGLS,INE952A01022,Hindusthan National Glass & Industries Limited,Main Board,22-Sep-25,Voluntary Delisting
HINDMOTORS,INE253A01025,Hindustan Motors Limited,Main Board,10-Oct-25,Voluntary Delisting
BHALCHANDR,INE992S01012,Bhalchandram Clothing Limited,ITP,03-Nov-25,Exit from ITP platform
HERCULES,INE688E01024,Hercules Investments Limited,Main Board,09-Jan-26,Voluntary Delisting
ROLTA,INE293A01013,Rolta India Limited,Main Board,19-Jan-26,Voluntary Delisting
FEDDERELEC,INE249C01011,Fedders Electric and Engineering Limited,Main Board,02-Mar-26,Voluntary Delisting
FSC,INE935Q01015,Future Supply Chain Solutions Limited,Main Board,24-Mar-26,Voluntary Delisting
VISESHINFO,INE861A01058,Visesh Infotecnics Limited,Main Board,06-Apr-26,Compulsory Delisting 
CLOUD,INE0JOO01021,Varanium Cloud Limited,SME,22-Apr-26,Compulsory Delisting 
JPASSOCIAT,INE455F01025,Jaiprakash Associates Limited,Main Board,18-Jun-26,Voluntary Delisting
