"Timestamp","Company name","NSEcode","BSEcode","StockCode","ISIN","Insight label","Description","Link"
"17 Aug, 2026  3:25 PM (IST)","Dalmia Bharat Sugar","DALMIASUG","500097","DALMIASUG","INE495A01022","Rising Sugar","Dalmia Bharat Sugar surges on Monday as sugar prices soar on growing concerns over crop production","https://trendlyne.com/latest-news/306/DALMIASUG/dalmia-bharat-sugar-and-industries-ltd/"
"17 Aug, 2026  3:10 PM (IST)","Uflex","UFLEX","500148","UFLEX","INE516A01017","Margin Growth","Uflex's Q1 EBITDA margin expands 480 bps YoY, led by inventory destocking and a richer product mix","https://trendlyne.com/posts/5794620/uflex-ltd-500148-board-meeting-outcome-for-outcome-of-the-board-meeting"
"17 Aug, 2026  2:48 PM (IST)","Zaggle Prepaid Ocean","ZAGGLE","543985","ZAGGLE","INE07K301024","Estimates Miss","Zaggle Prepaid's Q1 net profit misses estimates by 43% on higher gift card, staff & cash back costs","https://trendlyne.com/equity/consensus-estimates/1690561/ZAGGLE/zaggle-prepaid-ocean-services-ltd/"
"17 Aug, 2026  2:35 PM (IST)","Inox Wind","INOXWIND","539083","INOXWIND","INE066P01011","Regulatory Tailwind","Inox Wind soars on Mon as CERC grants deadline extensions for stalled clean energy projects","https://trendlyne.com/latest-news/1627/INOXWIND/inox-wind-ltd/"
"17 Aug, 2026  2:23 PM (IST)","BSE","BSE","-","BSE","INE118H01025","Analyst Downgrade","BSE falls on Mon as Jefferies downgrades it to 'Underperform' and cuts its target price to Rs 2,940","https://trendlyne.com/latest-news/52884/BSE/bse-ltd/"
"17 Aug, 2026  2:23 PM (IST)","Juniper Green Energy","JNPR","544853","JNPR","INE05C901015","Order Win","Juniper Green secures an order from SECI to set up & operate a 230 MW FDRE project","https://trendlyne.com/posts/5795433/juniper-green-energy-ltd-544853-announcement-under-regulation-30-lodr-award-of-order-receipt-of-order"
"17 Aug, 2026  1:44 PM (IST)","NMDC Steel","NSLNISP","543768","NSLNISP","INE0NNS01018","Falling Profit","NMDC Steel's Q1 net profit plunges 87% QoQ to Rs 50.5 crore due to higher input & finance expenses","https://trendlyne.com/posts/5794188/nmdc-steel-ltd-543768-board-meeting-outcome-for-outcome-of-board-meeting-unaudited-financial-results-and-limited-review-report-for-the-quarter-ended-30-06-2026"
"17 Aug, 2026  1:43 PM (IST)","Schneider Electric","SCHNEIDER","534139","SCHNEIDER","INE839M01018","Falling Profit","Schneider Electric's Q1 profit drops 70% YoY on higher input, staff, finance & depreciation costs","https://trendlyne.com/posts/5792935/schneider-electric-infrastructure-ltd-534139-outcome-of-board-meeting-august-14-2026"
"17 Aug, 2026  1:42 PM (IST)","Reliance Industries","RELIANCE","500325","RELIANCE","INE002A01018","Partnership","Reliance Industries plans to partner with Rolls-Royce to develop an engine for India’s AMCA program","https://trendlyne.com/posts/5793355/reliance-industries-ltd-500325-media-release-reliance-industries-and-rolls-royce-announce-strategic-intent-to-partner-and-develop-india-s-indigenous-combat-engine-for-the-advanced-medium-combat-aircraft-amca-programme"
"17 Aug, 2026  1:21 PM (IST)","Balu Forge","BALUFORGE","531112","BALUFORGE","INE011E01029","Contract Win","Balu Forge surges on Monday as it wins a multi-month contract to supply 155mm artillery shells","https://trendlyne.com/posts/5796277/balu-forge-industries-ltd-531112-press-release-receipt-of-multi-month-contract-for-155mm-erfb-bb-bt-shells"
"17 Aug, 2026  1:20 PM (IST)","Sudarshan Chemical","SUDARSCHEM","506655","SUDARSCHEM","INE659A01023","Target Upgrade","Anand Rathi raises Sudarshan Chem's target price to Rs 1,450, cites margin recovery on a richer mix","https://trendlyne.com/posts/5796646/q1-ebitda-delivery-aligning-our-integration-thesis-maintain-buy"
"17 Aug, 2026  1:11 PM (IST)","Lupin","LUPIN","500257","LUPIN","INE326A01037","US FDA Approval","Lupin's ANDA for Pitolisant tablets gets US FDA nod, targeting an $868 million market as of 2025","https://trendlyne.com/posts/5796579/lupin-ltd-500257-announcement-under-regulation-30-lodr-press-release-media-release"
"17 Aug, 2026  1:05 PM (IST)","Baazar Style Retail","STYLEBAAZA","544243","STYLEBAAZA","INE01FR01028","Block Deal","Baazar Style Retail sees 45 lakh shares worth Rs 163 crore change hands at Rs 362 via block deal","https://trendlyne.com/equity/bulk-block-deals/STYLEBAAZA/2586584/baazar-style-retail-ltd/"
"17 Aug, 2026 12:41 PM (IST)","Saatvik Green Energy","SAATVIKGL","544526","SAATVIKGL","INE13B501022","Margin Decline","Saatvik Green's Q1 EBITDA margin drops 12.4% points on higher finance costs and capacity expansion","https://trendlyne.com/posts/5792151/saatvik-green-energy-ltd-544526-board-meeting-outcome-for-approval-of-standalone-and-consolidated-unaudited-financial-results-for-the-quarter-ended-june-30-2026"
"17 Aug, 2026 12:31 PM (IST)","Molbio Diagnostics","MOLBIO","544866","MOLBIO","INE869T01028","IPO Listing","Molbio Diagnostics' shares debut at Rs 980, a 21.4% premium to the issue price of Rs 807","https://trendlyne.com/equity/3613192/MOLBIO/molbio-diagnostics-ltd/"
"17 Aug, 2026 12:31 PM (IST)","Neuland Laboratories","NEULANDLAB","524558","NEULANDLAB","INE794A01010","US FDA Observation","Neuland Labs' production facility in Sangareddy gets Form 483 with one observation from the US FDA","https://trendlyne.com/posts/5794083/neuland-laboratories-ltd-524558-intimation-regarding-completion-of-us-fda-inspection"
"17 Aug, 2026 12:20 PM (IST)","Dhoot Transmission","DHOOTTRANS","544867","DHOOTTRANS","INE01NH01023","IPO Listing","Dhoot Transmission's shares debut at Rs 1,200, a 37.8% premium to the issue price of Rs 871","https://trendlyne.com/equity/3612273/DHOOTTRANS/dhoot-transmission-ltd/"
"17 Aug, 2026 11:55 AM (IST)","BEML","BEML","500048","BEML","INE258A01024","Order Win","BEML rises on Monday as it wins a $6.7 million order from Mauritius to supply hydraulic excavators","https://trendlyne.com/posts/5795157/beml-ltd-500048-announcement-under-regulation-30-lodr-award-of-order-receipt-of-order"
"17 Aug, 2026 11:26 AM (IST)","CESC","CESC","500084","CESC","INE486A01021","Contract Win","CESC rises on Monday as its Purvah Green unit wins a 70 MW renewable power contract for 25 years","https://trendlyne.com/posts/5794835/cesc-ltd-500084-announcement-under-regulation-30-lodr-award-of-order-receipt-of-order"
"17 Aug, 2026 11:21 AM (IST)","WeWork Management","WEWORK","544570","WEWORK","INE085001019","Bulk Deal","1 Ariel Way Tenant sells 35 lakh shares of WeWork India worth Rs 244.1 crore through a bulk deal","https://trendlyne.com/equity/bulk-block-deals/WEWORK/3279321/wework-india-management-ltd/"
"17 Aug, 2026 10:44 AM (IST)","Dr. Reddy's Labs","DRREDDY","500124","DRREDDY","INE089A01031","US FDA Observation","Dr Reddy's formulations unit in Hyderabad gets a Form 483 with four observations from the US FDA","https://trendlyne.com/posts/5795232/dr-reddys-laboratories-ltd-500124-disclosure-under-regulation-30-of-sebi-lodr-regulations-2015"
"17 Aug, 2026 10:27 AM (IST)","UPL","UPL","512070","UPL","INE628A01036","Acquisition","UPL's arm to acquire Hytech Egypt for $110 mn to expand its presence in the Middle East and Africa","https://trendlyne.com/posts/5795288/upl-ltd-512070-announcement-under-regulation-30-lodr-acquisition"
"17 Aug, 2026 10:05 AM (IST)","TD Power Systems","TDPOWERSYS","533553","TDPOWERSYS","INE419M01027","Fundraise","TD Power's board approves a Rs 600 crore fundraise through a QIP of equity or other securities","https://trendlyne.com/posts/5793903/td-power-systems-ltd-533553-board-meeting-outcome-for-outcome-of-board-meeting-fund-raising"
"17 Aug, 2026  9:44 AM (IST)","Rubicon Research","RUBICON","544578","RUBICON","INE506V01022","Positive Outlook","Rubicon raises FY27 EBITDA margin guidance to at least 23% from 22-23% on better product mix","https://trendlyne.com/posts/5792849/rubicon-research-ltd-544578-board-meeting-outcome-for-unaudited-financials-results-for-quarter-ended-june-30-2026"
"17 Aug, 2026  9:10 AM (IST)","Voltas","VOLTAS","500575","VOLTAS","INE226A01021","Forms JV","Voltas' board approves forming a JV with Atomberg to develop & manufacture AC compressors in India","https://trendlyne.com/posts/5793234/voltas-ltd-500575-announcement-under-regulation-30-lodr-joint-venture"
"14 Aug, 2026  3:31 PM (IST)","Kalpataru Projects","KPIL","522287","KPIL","INE220B01022","Order Win","KPIL secures domestic orders worth Rs 3,526 crore in the EPC, T&D & residential buildings biz","https://trendlyne.com/posts/5791830/kalpataru-projects-international-ltd-522287-announcement-under-regulation-30-lodr-award-of-order-receipt-of-order"
"14 Aug, 2026  3:30 PM (IST)","Alkem Laboratories","ALKEM","539523","ALKEM","INE540L01014","Margin Decline","Alkem Labs' Q1 EBITDA margin drops 140 bps YoY due to higher input, staff, fin & depreciation costs","https://trendlyne.com/posts/5791623/alkem-laboratories-ltd-539523-results-unaudited-financial-results-for-quarter-ended-june-30-2026"
"14 Aug, 2026  3:03 PM (IST)","Vedanta","VEDL","500295","VEDL","INE205A01025","Preferred Bidder","Vedanta emerges as the preferred bidder for the Punnam Manganese Block in Andhra Pradesh","https://trendlyne.com/posts/5791751/vedanta-ltd-500295-declaration-as-successful-bidder-of-punnam-manganese-block-under-the-e-auction-for-the-block-conducted-by-the-department-of-mines-geology-government-of-andhra-pradesh"
"14 Aug, 2026  3:02 PM (IST)","Bharat Dynamics","BDL","541143","BDL","INE171Z01026","Estimates Beat","Bharat Dynamics' Q1 revenue beats estimates by 88%, led by strong execution of defence orders","https://trendlyne.com/equity/consensus-estimates/80210/BDL/bharat-dynamics-ltd/"
"14 Aug, 2026  3:02 PM (IST)","Natco Pharma","NATCOPHARM","524816","NATCOPHARM","INE987B01026","Fundraise","Natco Pharma's board approves a Rs 2,000 crore fundraise through a QIP or other modes","https://trendlyne.com/posts/5791732/natco-pharma-ltd-524816-board-meeting-outcome-for-outcome-of-board-meeting"
"14 Aug, 2026  3:01 PM (IST)","Paisalo Digital","PAISALO","532900","PAISALO","INE420C01059","Signs MoU","Paisalo Digital signs an MoU with Chakrawiu Gannlalen Co to provide tech services and AI support","https://trendlyne.com/posts/5791271/paisalo-digital-ltd-532900-intimation-regarding-execution-of-memorandum-of-understanding-with-chakrawiu-gannlalen-company-limited"
"14 Aug, 2026  2:49 PM (IST)","Transformers & Rectifiers","TARIL","532928","TARIL","INE763I01026","Order Win","Transformers & Rectifiers bags an up to Rs 500 crore APTRANSCO order for transformer manufacturing","https://trendlyne.com/posts/5790880/transformers-and-rectifiers-india-ltd-532928-announcement-under-regulation-30-lodr-award-of-order-receipt-of-order"
"14 Aug, 2026  2:40 PM (IST)","Zydus Lifesciences","ZYDUSLIFE","532321","ZYDUSLIFE","INE010B01027","Target Upgrade","Deven Choksey raises Zydus Life's target to Rs 1,255, citing growth in international formulations","https://trendlyne.com/posts/5784233/outook"
"14 Aug, 2026  2:27 PM (IST)","Page Industries","PAGEIND","532827","PAGEIND","INE761H01022","Positive Outlook","Page Ind projects double-digit FY27 volume growth, driven by new product launches & demand recovery","https://trendlyne.com/posts/5789849/page-industries-ltd-532827-announcement-under-regulation-30-lodr-analyst-investor-meet-outcome"
"14 Aug, 2026  2:18 PM (IST)","Ashok Leyland","ASHOKLEY","500477","ASHOKLEY","INE208A01029","Estimates Beat","Ashok Leyland's Q1 revenue beats estimates by 34%, on CV market share gains & fin serv expansion","http://trendlyne.com/equity/consensus-estimates/114/ASHOKLEY/ashok-leyland-ltd/"
"14 Aug, 2026  2:03 PM (IST)","Zee Entertainment","ZEEL","505537","ZEEL","INE256A01028","Regulatory Relief","Zee surges on Fri as it gets SAT relief to proceed with its Rs 3,143 cr preferential warrant issue","https://trendlyne.com/latest-news/1537/ZEEL/zee-entertainment-enterprises-ltd/"
"14 Aug, 2026  1:39 PM (IST)","Arvind","ARVIND","500101","ARVIND","INE034A01011","Positive Outlook","Arvind's VC guides for early-teens revenue growth in FY27, driven by growth in the textiles biz","https://trendlyne.com/latest-news/105/ARVIND/arvind-ltd/"
"14 Aug, 2026  1:31 PM (IST)","Lloyds Engineering","LLOYDSENGG","539992","LLOYDSENGG","INE093R01011","Secures Loan","Lloyds Engg signs a Rs 200 crore loan agreement with Tata Capital to fund Steel Infra acquisition","https://trendlyne.com/posts/5790635/lloyds-engineering-works-ltd-539992-announcement-under-regulation-30-lodr-memorandum-of-understanding-agreements"
"14 Aug, 2026  1:10 PM (IST)","Indian Railway Catering","IRCTC","542830","IRCTC","INE335Y01020","Positive Outlook","IRCTC targets over 30% FY27 EBITDA margin, on better internet ticketing mix & Rail Neer margins","https://trendlyne.com/posts/5790202/indian-railway-catering-and-tourism-corporation-ltd-542830-announcement-under-regulation-30-lodr-analyst-investor-meet-outcome"
"14 Aug, 2026 12:58 PM (IST)","Amber Enterprises","AMBER","540902","AMBER","INE371P01015","Positive Outlook","Amber Ent guides FY27 electronics biz growth of 30-35%, led by OPPO mobile manufacturing ramp-up","https://trendlyne.com/posts/5790884/amber-enterprises-india-results-earnings-call-for-q1fy27"
"14 Aug, 2026 12:36 PM (IST)","Gland Pharma","GLAND","543245","GLAND","INE068V01023","CEO Appointment","Gland Pharma's board of directors appoints Deepak Sapra as CEO, effective November 16","https://trendlyne.com/posts/5790766/gland-pharma-ltd-543245-announcement-under-regulation-30-lodr-change-in-management"
"14 Aug, 2026 12:10 PM (IST)","Galaxy Surfactants","GALAXYSURF","540935","GALAXYSURF","INE600K01018","Positive Outlook","Galaxy Surf raises FY26 EBITDA guidance by 22.5%, on a richer mix and demand recovery in exports","https://trendlyne.com/latest-news/74800/GALAXYSURF/galaxy-surfactants-ltd/"
"14 Aug, 2026 11:45 AM (IST)","Leap","LEAPIND","544865","LEAPIND","INE00GO01025","IPO Listing","Leap's shares debut at Rs 165.9, a 4.3% premium to the issue price of Rs 159","https://trendlyne.com/equity/3610833/LEAPIND/leap-india-ltd/"
"14 Aug, 2026 11:27 AM (IST)","Technocraft Ventures","TECHNOCRAF","544864","TECHNOCRAF","INE1D0W01018","IPO Listing","Technocraft Ventures' shares debut at Rs 284, a 34% premium to the issue price of Rs 212","https://trendlyne.com/equity/3607933/TECHNOCRAF/technocraft-ventures-ltd/"
"14 Aug, 2026 11:05 AM (IST)","LG Electronics","LGEINDIA","544576","LGEINDIA","INE324D01010","Rising Revenue","LG Elec's Q1 revenue climbs 15.6% YoY, on demand for home appliances, entertainment & air solutions","https://trendlyne.com/posts/5788762/lg-electronics-india-ltd-544576-un-audited-financial-results-for-the-quarter-ended-june-30-2026"
"14 Aug, 2026 10:51 AM (IST)","Sindhu Trade Links","SINDHUTRAD","532029","SINDHUTRAD","INE325D01025","CEO Appointment","Sindhu Trade Links' board appoints CFO Vikas Singh Hooda as CEO, effective August 13","https://trendlyne.com/posts/5788829/sindhu-trade-links-ltd-532029-board-meeting-outcome-for-intimation-under-regulation-33-30-of-the-sebi-listing-obligation-and-disclosure-requirements-regulations-2015-outcome-of-the-board-meeting"
"14 Aug, 2026 10:25 AM (IST)","Waaree Energies","WAAREEENER","544277","WAAREEENER","INE377N01017","Forms JV","Waaree Energies' arm to form a JV with SmartenGrand to supply semiconductor components in India","https://trendlyne.com/posts/5789921/waaree-energies-ltd-544277-announcement-under-regulation-30-joint-venture-agreement"
"14 Aug, 2026 10:04 AM (IST)","Technocraft Industries","TIIL","532804","TIIL","INE545H01011","Rising Profit","Technocraft Ind's Q1 net profit soars 68.4% YoY, led by inventory destocking & richer product mix","https://trendlyne.com/posts/5787987/technocraft-industries-india-ltd-532804-board-meeting-outcome-for-unaudited-standalone-and-consolidated-financial-results"
"14 Aug, 2026  9:52 AM (IST)","Honasa Consumer","HONASA","544014","HONASA","INE0J5401028","Margin Growth","Honasa Consumer's Q1 EBITDA margin expands 690 bps YoY on offline growth and an ESOP reversal","https://trendlyne.com/posts/5788028/q1fy27-quarterly-result-announced-for-honasa-consumer-ltd"
"14 Aug, 2026  9:13 AM (IST)","Tata Motors PV","TMPV","500570","TMPV","INE155A01022","Estimates Miss","TMPV's Q1 net profit misses Forecaster estimates by 50.7% on higher input, staff & finance costs","https://trendlyne.com/equity/consensus-estimates/1362/TMPV/tata-motors-passenger-vehicles-ltd/"
"13 Aug, 2026  3:26 PM (IST)","JTEKT","JTEKTINDIA","520057","JTEKTINDIA","INE643A01035","Estimates Miss","JTEKT India's Q1 net profit misses estimates by 38.8% on higher input, inventory, staff & fin costs","https://trendlyne.com/equity/consensus-estimates/1266/JTEKTINDIA/jtekt-india-ltd/"
"13 Aug, 2026  3:25 PM (IST)","Gujarat Energy","GUJENERGY","539336","GUJENERGY","INE844O01030","Rising Revenue","Gujarat Energy's Q1 revenue soars 154% YoY, led by higher CNG & PNG sales and gas trading","https://trendlyne.com/posts/5780815/q1fy27-quarterly-result-announced-for-gujarat-energy-ltd"
"13 Aug, 2026  3:24 PM (IST)","Bharat Heavy Electricals","BHEL","500103","BHEL","INE257A01026","Partnership","BHEL partners with Norway's Hystar AS to jointly develop and sell PEM electrolyser systems in India","https://trendlyne.com/posts/5787333/bharat-heavy-electricals-ltd-500103-bhel-signs-sca-with-m-s-hystar-as-norway-for-pem-electrolyser-systems-for-green-hydrogen-projects"
"13 Aug, 2026  3:21 PM (IST)","Jubilant Foodworks","JUBLFOOD","533155","JUBLFOOD","INE797F01020","Expansion Plan","Jubilant FoodWorks targets 35-40 new Popeyes stores annually, eyes Rs 1,000 cr brand in 3-4 years","https://trendlyne.com/posts/5787478/jubilant-foodworks-ltd-533155-letter-to-shareholders-on-financial-results-for-q1-fy27"
"13 Aug, 2026  3:17 PM (IST)","Solar Industries","SOLARINDS","532725","SOLARINDS","INE343H01029","Positive Outlook","Solar Industries targets Rs 14,000 crore FY27 revenue, backed by Rs 21,350 crore order book","https://trendlyne.com/posts/5787566/solar-industries-india-ltd-532725-announcement-under-regulation-30-lodr-press-release-media-release"
"13 Aug, 2026  3:14 PM (IST)","Minda Corporation","MINDACORP","538962","MINDACORP","INE842C01021","Estimates Beat","Minda Corp's Q1 revenue beats estimates by 9% on higher auto portfolio sales, EV growth & launches","https://trendlyne.com/equity/consensus-estimates/863/MINDACORP/minda-corporation-ltd/"
"13 Aug, 2026  2:56 PM (IST)","Urban Company","URBANCO","544515","URBANCO","INE0CAZ01013","Block Deal","Urban Co's 3.2 crore shares worth Rs 428 crore reportedly change hands in a block deal","https://trendlyne.com/latest-news/3246538/URBANCO/urban-company-ltd/"
"13 Aug, 2026  2:34 PM (IST)","UltraTech Cement","ULTRACEMCO","532538","ULTRACEMCO","INE481G01011","Promoter Sale","Ultratech's promoter, Pilani Investment, reportedly plans to sell a 0.6% stake worth Rs 1,909 crore","https://trendlyne.com/posts/5786512/ultratech-cement-slips-2-amid-block-deal-over-2-5-mn-shares-change-hands"
"13 Aug, 2026  2:33 PM (IST)","L&T","LT","500510","LT","INE018A01030","Order Win","L&T bags up to Rs 15,000 cr order from Together AI to build India's largest NVIDIA B300 AI Factory","https://trendlyne.com/posts/5786555/larsen-toubro-ltd-500510-announcement-under-regulation-30-lodr-award-of-order-receipt-of-order"
"13 Aug, 2026  1:46 PM (IST)","NBCC","NBCC","534309","NBCC","INE095N01031","Order Win","NBCC bags a Rs 235 crore order from ITBP for infrastructure works at 28 border outposts in Ladakh","https://trendlyne.com/posts/5786689/nbcc-india-ltd-534309-intimation-of-work-order-received-by-nbcc-india-limited-in-the-ordinary-course-of-business-amounting-to-rs-234-78-cr-approx"
"13 Aug, 2026  1:22 PM (IST)","Thyrocare Tech","THYROCARE","539871","THYROCARE","INE594H01019","Block Deal","Thyrocare Tech's 1.3 crore shares worth Rs 793 crore reportedly change hands through a block deal","https://trendlyne.com/latest-news/2013/THYROCARE/thyrocare-technologies-ltd/"
"13 Aug, 2026  1:04 PM (IST)","Sun TV Network","SUNTV","532733","SUNTV","INE424H01027","Margin Growth","Sun TV's Q1 EBITDA margin grows 240 bps YoY, on higher profitability of cricket network franchise","https://trendlyne.com/posts/5783615/sun-tv-network-ltd-532733-unaudited-financial-results-for-the-quarter-ended-30th-june-2026"
"13 Aug, 2026  1:00 PM (IST)","Aurionpro Solutions","AURIONPRO","532668","AURIONPRO","INE132H01018","Order Win","Aurionpro wins a Rs 100 crore order to build & manage digital infra for a data centre in Mumbai","https://trendlyne.com/posts/5786353/aurionpro-solutions-ltd-532668-announcement-under-regulation-30-lodr-press-release-media-release"
"13 Aug, 2026 12:31 PM (IST)","KRN Heat Exchanger","KRN","544263","KRN","INE0Q3J01015","Rising Revenue","KRN Heat Exchanger's Q1 revenue more than doubles YoY to Rs 252 cr as its HVAC subsidiary scales up","https://trendlyne.com/posts/5784539/q1fy27-quarterly-result-announced-for-krn-heat-exchanger-and-refrigeration-ltd"
"13 Aug, 2026 12:04 PM (IST)","FIEM Industries","FIEMIND","532768","FIEMIND","INE737H01014","Estimates Miss","FIEM Ind's Q1 net profit misses estimates by 6.4%, on higher input, staff, fin & depreciation costs","https://trendlyne.com/equity/consensus-estimates/413/FIEMIND/fiem-industries-ltd/"
"13 Aug, 2026 11:26 AM (IST)","Astral","ASTRAL","532830","ASTRAL","INE006I01046","Rising Revenue","Astral's Q1 revenue grows 16% YoY, on higher sales in the plumbing and paints & adhesives segments","https://trendlyne.com/posts/5783441/astral-ltd-532830-financial-result-for-the-quarter-ended-on-30th-june-2026"
"13 Aug, 2026 11:25 AM (IST)","Lenskart Solutions","LENSKART","544600","LENSKART","INE956O01016","Margin Growth","Lenskart's Q1 EBITDA margin grows 400 bps YoY, on vertical integration and product premiumisation","https://trendlyne.com/posts/5783330/lenskart-solutions-ltd-544600-board-meeting-outcome-for-outcome-of-board-meeting"
"13 Aug, 2026 10:47 AM (IST)","Religare Enterprises","RELIGARE","532915","RELIGARE","INE621H01010","MD Appointment","Religare Enterprises' board appoints Arjun Lamba as Managing Director, effective August 12","https://trendlyne.com/posts/5785371/religare-enterprises-ltd-532915-results"
"13 Aug, 2026 10:26 AM (IST)","Jio Financial ","JIOFIN","543940","JIOFIN","INE758E01017","Forms JV","Jio Fin Serv to sell a 49% stake in arm, Jio Credit, to BofA for Rs 18,268 crore to form…","https://trendlyne.com/posts/5785476/jio-financial-services-ltd-543940-investment-of-up-to-rs-18268-22-crore-by-nb-holdings-corporation-wholly-owned-subsidiary-of-bank-of-america-corporation-in-jio-credit-limited-wholly-owned-subsidiary-of-the-company"
"13 Aug, 2026 10:25 AM (IST)","GMR Airports ","GMRAIRPORT","532754","GMRAIRPORT","INE776C01039","Fundraise","GMR Airports' board approves a Rs 5,000 crore fundraise by issuing equity or other securities","https://trendlyne.com/posts/5785150/gmr-airports-ltd-532754-board-meeting-outcome-for-meeting-held-on-august-12-2026"
"13 Aug, 2026  9:43 AM (IST)","GE Power","GVPIL","532309","GVPIL","INE878A01011","Order Win","GE Power India bags Rs 550 crore orders for boiler modifications at Saudi Arabia's Shoaiba project","https://trendlyne.com/posts/5785074/ge-power-india-ltd-532309-announcement-under-regulation-30-lodr-award-of-order-receipt-of-order"
"13 Aug, 2026  9:12 AM (IST)","Tata Motors CV","TMCV","544569","TMCV","INE1TAE01010","Rising Profit","TMCV’s Q1 profit jumps 83% YoY to Rs 2,560 crore on a mark-to-market gain from Tata Capital","https://trendlyne.com/posts/5783505/q1fy27-quarterly-result-announced-for-tata-motors-ltd"
"12 Aug, 2026  3:28 PM (IST)","Bharti Airtel","BHARTIARTL","532454","BHARTIARTL","INE397D01024","Price Hike","Bharti Airtel reportedly hikes prices of its entry level Rs 299 pre-paid plan by 16% to Rs 349","https://trendlyne.com/latest-news/187/BHARTIARTL/bharti-airtel-ltd/"
"12 Aug, 2026  3:27 PM (IST)","Bansal Wire ","BANSALWIRE","544209","BANSALWIRE","INE0B9K01025","Stock Split","Bansal Wire Industries' board of directors approves a 1-for-5 stock split","https://trendlyne.com/posts/5782861/bansal-wire-industries-ltd-544209-corporate-action-intimation-of-sub-division-stock-split"
"12 Aug, 2026  3:21 PM (IST)","Bata","BATAINDIA","500043","BATAINDIA","INE176A01028","Estimates Beat","Bata's Q1 revenue beats Forecaster estimates by 1.2%, led by retail and digital expansion","https://trendlyne.com/equity/consensus-estimates/168/BATAINDIA/bata-india-ltd/"
"12 Aug, 2026  3:05 PM (IST)","Hindustan Aeronautics","HAL","541154","HAL","INE066F01020","Rising Revenue","Hindustan Aeronautics' Q1 revenue jumps 15% YoY, on better order execution and deliveries","https://trendlyne.com/posts/5782937/hindustan-aeronautics-ltd-541154-financial-result-for-the-quarter-ended-30-06-2026"
"12 Aug, 2026  2:57 PM (IST)","Pitti Engineering","PITTIENG","513519","PITTIENG","INE450D01021","Target Upgrade","Deven Choksey keeps a 'Buy' call on Pitti, raises target to Rs 1,258, citing expansion & richer mix","https://trendlyne.com/posts/5783070/pitti-engineering-ltd-building-capacity-for-the-next-growth-phase"
"12 Aug, 2026  2:53 PM (IST)","Dr Agarwals Health Care","AGARWALEYE","544350","AGARWALEYE","INE943P01029","Block Deal","Dr Agarwals plunges on Wed as 4.1 crore shares worth Rs 2,065 crore change hands in a block deal","https://trendlyne.com/latest-news/2949904/AGARWALEYE/dr-agarwals-health-care-ltd/"
"12 Aug, 2026  2:46 PM (IST)","Tenneco Clean Air","TENNIND","544612","TENNIND","INE19RI01016","Block Deal","Equity stake of ~8% in Tenneco Clean, worth Rs 1,699 cr, reportedly changes hands in a block deal","https://trendlyne.com/equity/bulk-block-deals/TENNIND/3321513/tenneco-clean-air-india-ltd/"
"12 Aug, 2026  2:23 PM (IST)","Marksans Pharma","MARKSANS","524404","MARKSANS","INE750C01026","Estimates Beat","Marksans Pharma's Q1 net profit beats Forecaster estimates by 17% on a richer product and biz mix","https://trendlyne.com/equity/consensus-estimates/841/MARKSANS/marksans-pharma-ltd/"
"12 Aug, 2026  2:15 PM (IST)","Central Depository ","CDSL","-","CDSL","INE736A01011","Analyst Downgrade","ICICI Sec lowers CDSL to a 'Sell' call, cites margin pressure from investments & possible rate cuts","https://trendlyne.com/posts/5782311/higher-costs-lead-to-lower-than-expected-operating-leverage"
"12 Aug, 2026  1:53 PM (IST)","Multi Commodity Exchange","MCX","534091","MCX","INE745G01043","Regulatory Tailwind","MCX rises on Wednesday as SEBI proposes wider FPI access to non-agricultural commodity derivatives","https://trendlyne.com/latest-news/853/MCX/multi-commodity-exchange-of-india-ltd/"
"12 Aug, 2026  1:33 PM (IST)","Hindustan Copper","HINDCOPPER","513599","HINDCOPPER","INE531E01026","Capex Guidance","Hindustan Copper projects Rs 1,421 crore in capex in 2027, targeting MIC volumes of 32,000 tonnes","https://trendlyne.com/latest-news/551/HINDCOPPER/hindustan-copper-ltd/"
"12 Aug, 2026  1:28 PM (IST)","TD Power Systems","TDPOWERSYS","533553","TDPOWERSYS","INE419M01027","Positive Outlook","TD Power Systems guides FY27 revenue to grow 39%, on a healthy order book & execution capabilities","https://trendlyne.com/posts/5780906/td-power-systems-ltd-533553-announcement-under-regulation-30-lodr-investor-presentation"
"12 Aug, 2026  1:25 PM (IST)","Metropolis Healthcare","METROPOLIS","542650","METROPOLIS","INE112L01020","Promoter Sale","Metropolis Healthcare's promoters sell 21 lakh shares for Rs 118 crore through a block deal","https://trendlyne.com/equity/bulk-block-deals/METROPOLIS/139598/metropolis-healthcare-ltd/"
"12 Aug, 2026 12:48 PM (IST)","Ashoka Buildcon","ASHOKA","533271","ASHOKA","INE442H01029","MD Appointment","Ashoka Buildcon appoints Sanjay Londhe & Ashish Kataria as Joint MDs, effective August 11","https://trendlyne.com/posts/5781827/ashoka-buildcon-ltd-533271-board-meeting-outcome-for-outcome-of-the-board-meeting-under-regulation-30-of-sebi-listing-obligations-and-disclosure-requirements-regulations-2015-sebi-lodr"
"12 Aug, 2026 12:22 PM (IST)","Senco Gold","SENCO","543936","SENCO","INE602W01027","Falling Profit","Senco Gold's Q1 net profit drops 3.4% YoY on higher customs duty, gold volatility and discounting","https://trendlyne.com/posts/5781565/senco-gold-ltd-543936-board-meeting-outcome-for-board-meeting-outcome-for-approval-of-unaudited-standalone-and-consolidated-financial-results-for-the-quarter-ended-30th-june-2026"
"12 Aug, 2026 12:11 PM (IST)","National Aluminium ","NATIONALUM","532234","NATIONALUM","INE139A01034","Aluminium Surge","Nalco surges on Wed as production cuts at Brazil's Alunorte refinery push aluminium prices higher","https://trendlyne.com/latest-news/911/NATIONALUM/national-aluminium-company-ltd/"
"12 Aug, 2026 12:10 PM (IST)","Ardee Industries","ARDEE","544860","ARDEE","INE0XNF01022","IPO Listing","Ardee Industries' shares debut at Rs 72, a 35.9% premium to the issue price of Rs 53","https://trendlyne.com/equity/3604135/ARDEE/ardee-industries-ltd/"
"12 Aug, 2026 11:33 AM (IST)","Tata Motors PV","TMPV","500570","TMPV","INE155A01022","Chairman Resignation","Tata Motors PV drops on Wed as Tata Sons Chairman N Chandrasekaran resigns, effective Feb '27","https://trendlyne.com/latest-news/1362/TMPV/tata-motors-passenger-vehicles-ltd/"
"12 Aug, 2026 11:16 AM (IST)","PI Industries","PIIND","523642","PIIND","INE603J01030","Margin Decline","PI Ind's Q1 EBITDA margin drops 570 bps YoY on higher inventory, staff, fin & depreciation costs","https://trendlyne.com/posts/5781414/pi-industries-ltd-523642-board-meeting-outcome-for-outcome-of-the-board-meeting"
"12 Aug, 2026 10:47 AM (IST)","BEML","BEML","500048","BEML","INE258A01024","Order Win","BEML bags a Rs 184 cr order from HAL to supply fuselage aerostructures for Light Combat Helicopters","https://trendlyne.com/posts/5781435/beml-ltd-500048-announcement-under-regulation-30-lodr-award-of-order-receipt-of-order"
"12 Aug, 2026 10:31 AM (IST)","Saatvik Green Energy","SAATVIKGL","544526","SAATVIKGL","INE13B501022","Order Win","Saatvik Green Energy's arm secures a Rs 400 crore order to supply solar PV modules","https://trendlyne.com/posts/5780984/saatvik-green-energy-ltd-544526-announcement-under-regulation-30-lodr-award-of-order-receipt-of-order"
"12 Aug, 2026 10:05 AM (IST)","Godrej Consumer Products","GODREJCP","532424","GODREJCP","INE102D01028","CEO Appointment","Godrej Consumer's MD & CEO Sudhir Sitapati resigns, Aasif Malbari named successor, effective Aug 11","https://trendlyne.com/posts/5780119/godrej-consumer-products-ltd-532424-announcement-under-regulation-30-lodr-change-in-management"
"12 Aug, 2026  9:42 AM (IST)","Man Industries","MANINDS","513269","MANINDS","INE993A01026","Margin Growth","Man Industries' Q1 EBITDA margin rises 420 bps YoY to 14.6% on a better product and geographic mix","https://trendlyne.com/posts/5781701/man-industries-india-ltd-513269-unaudited-financial-results-standalone-and-consolidated-of-the-company-for-the-quarter-ended-june-30-2026"
"12 Aug, 2026  9:12 AM (IST)","Manappuram Finance","MANAPPURAM","531213","MANAPPURAM","INE522D01027","MD Appointment","Manappuram Finance's board appoints Ashish Singh as MD and CEO for five years, effective January 1","https://trendlyne.com/posts/5780322/manappuram-finance-ltd-531213-standalone-and-consolidated-financial-results-for-the-first-quarter-ended-30th-june-2026"
"11 Aug, 2026  3:43 PM (IST)","Hindustan Constrn","HCC","500185","HCC","INE549A01026","Order Win","HCC wins Rs 524 cr order from NHPC for civil and hydro-mechanical works at a power station in J&K","https://trendlyne.com/posts/5779806/hindustan-construction-company-ltd-500185-announcement-under-regulation-30-lodr-press-release-media-release"
"11 Aug, 2026  3:28 PM (IST)","Ather Energy","ATHERENERG","544397","ATHERENERG","INE0LEZ01016","Policy Tailwind","Ather rises on Tuesday after govt extends benefits under the PM E-DRIVE scheme for electric 2Ws","https://trendlyne.com/latest-news/3080909/ATHERENERG/ather-energy-ltd/"
"11 Aug, 2026  3:19 PM (IST)","Triveni Turbine","TRITURBINE","533655","TRITURBINE","INE152M01016","Falling Profit","Triveni Turbine's Q1 net profit drops 20.8% YoY due to higher input costs & a weaker order mix","https://trendlyne.com/posts/5778013/triveni-turbine-ltd-533655-board-meeting-outcome-for-outcome-of-meeting-of-board-of-directors-held-on-august-10-2026"
"11 Aug, 2026  3:18 PM (IST)","The Ramco Cements","RAMCOCEM","500260","RAMCOCEM","INE331A01037","Analyst Upgrade","Deven Choksey upgrades Ramco Cements to a 'Hold' call, with a higher target price of Rs 985","https://trendlyne.com/posts/5777473/the-ramco-cements-ltd-good-volume-growth-but-margin-pressure-persists"
"11 Aug, 2026  3:17 PM (IST)","Bondada Engineering","13521165","543971","BONDADA","INE0Q8P01029","Order Win","Bondada Engineering's subsidiary secures Rs 513.9 crore orders for BESS projects and BSNL towers","https://trendlyne.com/posts/5779610/bondada-engineering-ltd-543971-announcement-under-regulation-30-lodr-award-of-order-receipt-of-order"
"11 Aug, 2026  3:12 PM (IST)","Rail Vikas Nigam","RVNL","542649","RVNL","INE415G01027","Rising Revenue","RVNL's Q1 revenue jumps 7.9% YoY, driven by strong execution of the order book","https://trendlyne.com/posts/5779782/rail-vikas-nigam-ltd-542649-board-meeting-outcome-for-unaudited-financial-results-standalone-consolidated-for-the-quarter-ended-30-06-2026"
"11 Aug, 2026  3:11 PM (IST)","SBI","SBIN","500112","SBIN","INE062A01020","Target Upgrade","Motilal Oswal keeps a 'Buy' call on SBI, raises target to Rs 1,370, citing healthy asset quality","https://trendlyne.com/posts/5779278/healthy-earnings-beat-domestic-nims-expand-7bp-qoq"
"11 Aug, 2026  2:45 PM (IST)","Bank of Baroda","BANKBARODA","532134","BANKBARODA","INE028A01039","Rate Hike","Bank of Baroda hikes 3-month MCLR by 10 bps to 8.3% from August 12; other tenures unchanged","https://trendlyne.com/posts/5778084/bank-of-baroda-532134-announcement-under-regulation-30-lodr-interest-rates-updates"
"11 Aug, 2026  2:28 PM (IST)","KPI Green Energy","KPIGREEN","542323","KPIGREEN","INE542W01025","Falling Profit","KPI Green's Q1 net profit drops 17.6% YoY due to higher input, staff, finance & depreciation costs","https://trendlyne.com/posts/5779154/kpi-green-energy-ltd-542323-board-meeting-outcome-for-approval-of-unaudited-standalone-and-consolidated-financial-results-for-the-quarter-ended-june-30-2026"
"11 Aug, 2026  2:21 PM (IST)","NLC","NLCINDIA","513683","NLCINDIA","INE589A01014","Order Win","NLC's arm wins an order from SECI to set up & supply power from a 200 MW wind project in…","https://trendlyne.com/posts/5778381/nlc-india-ltd-513683-intimation-under-regulation-30-of-sebi-listing-obligations-and-disclosure-requirements-regulations-2015"
"11 Aug, 2026  2:18 PM (IST)","RailTel Corporation","RAILTEL","543265","RAILTEL","INE0DD101019","Order Win","RailTel Corp secures a Rs 119 crore order from Department of Posts for cloud services management","https://trendlyne.com/posts/5778731/railtel-corporation-of-india-ltd-543265-announcement-under-regulation-30-lodr-award-of-order-receipt-of-order"
"11 Aug, 2026  1:32 PM (IST)","Lloyds Metals & Energy","LLOYDSME","512455","LLOYDSME","INE281B01032","Estimates Beat","Lloyds Metals Q1 net profit beats estimates by 33.3%, on efficiencies from downstream integration","https://trendlyne.com/equity/consensus-estimates/2582/LLOYDSME/lloyds-metals-energy-ltd/"
"11 Aug, 2026  1:27 PM (IST)","KEC International","KEC","532714","KEC","INE389H01022","Positive Outlook","KEC CEO maintains FY27 revenue growth guidance of 12–15%, citing improving labour availability","https://trendlyne.com/latest-news/727/KEC/kec-international-ltd/"
"11 Aug, 2026  1:25 PM (IST)","Apollo Hospitals","APOLLOHOSP","508869","APOLLOHOSP","INE437A01024","Regulatory Concern","Apollo Hospitals falls on Tuesday as panel proposes a three-star cap on private hospital room rents","https://trendlyne.com/latest-news/93/APOLLOHOSP/apollo-hospitals-enterprise-ltd/"
"11 Aug, 2026 12:50 PM (IST)","Lupin","LUPIN","500257","LUPIN","INE326A01037","US FDA Approval","Lupin's ANDA for Sodium Zirconium Cyclosilicate gets US FDA nod, to enter a $568 mn market","https://trendlyne.com/posts/5777895/lupin-ltd-500257-announcement-under-regulation-30-lodr-press-release-media-release"
"11 Aug, 2026 12:37 PM (IST)","Zen Technologies","ZENTEC","533339","ZENTEC","INE251B01027","Order Win","Zen Technologies secures a Rs 295 crore order from the Ministry of Defence to supply simulators","https://trendlyne.com/posts/5778614/zen-technologies-ltd-533339-announcement-under-regulation-30-lodr-award-of-order-receipt-of-order"
"11 Aug, 2026 12:07 PM (IST)","Kolte-Patil Developers","KOLTEPATIL","532924","KOLTEPATIL","INE094I01018","Margin Growth","Kolte-Patil's Q1 EBITDA margin rises YoY to 22% from -11% on higher revenue recognition","https://trendlyne.com/posts/5777837/q1fy27-quarterly-result-announced-for-kolte-patil-developers-ltd"
"11 Aug, 2026 11:59 AM (IST)","Vodafone Idea","IDEA","532822","IDEA","INE669E01016","Estimates Beat","VIL's Q1 net loss beats estimates by 31%, on lower finance costs & a one-time gain from share sale","https://trendlyne.com/equity/consensus-estimates/589/IDEA/vodafone-idea-ltd/"
"11 Aug, 2026 11:28 AM (IST)","Jubilant Pharmova","JUBLPHARMA","530019","JUBLPHARMA","INE700A01033","Margin Decline","Jubilant Pharmova's Q1 EBITDA margin drops 410 bps YoY on higher input, staff and finance costs","https://trendlyne.com/posts/5778351/jubilant-pharmova-ltd-530019-board-meeting-outcome-for-meeting-held-on-august-10-2026"
"11 Aug, 2026 11:07 AM (IST)","Capillary Technologies","CAPILLARY","544614","CAPILLARY","INE0ILV01024","Promoter Sale","Capillary Technologies' promoter sells 32.9 lakh shares for Rs 171.5 crore through a bulk deal","https://trendlyne.com/equity/bulk-block-deals/CAPILLARY/3326341/capillary-technologies-india-ltd/"
"11 Aug, 2026 10:54 AM (IST)","Jupiter Wagons","JWL","533272","JWL","INE209L01016","Order Win","Jupiter Wagons wins two orders worth Rs 211 cr from JSW Port and Orissa Alloy Steel for 479 wagons","https://trendlyne.com/posts/5777540/jupiter-wagons-ltd-533272-announcement-under-regulation-30-lodr-press-release-media-release"
"11 Aug, 2026 10:29 AM (IST)","PC Jeweller","PCJEWELLER","534809","PCJEWELLER","INE785M01021","Fundraise","PC Jeweller's board of directors approves a Rs 1,000 crore fundraise through a QIP","https://trendlyne.com/posts/5778021/pc-jeweller-ltd-534809-board-meeting-outcome-for-financial-results-for-the-quarter-ended-june-30-2026"
"11 Aug, 2026 10:05 AM (IST)","Dilip Buildcon","DBL","540047","DBL","INE917M01012","Divestment","Dilip Buildcon to sell Rs 8,400 cr of ongoing transmission & solar projects to Alpha Alternatives","https://trendlyne.com/posts/5778425/dilip-buildcon-ltd-540047-board-meeting-outcome-for-outcome-of-the-board-meeting"
"11 Aug, 2026  9:46 AM (IST)","Bharat Electronics","BEL","500049","BEL","INE263A01024","Order Win","Bharat Electronics secures orders worth Rs 541 crore for defence systems and equipment","https://trendlyne.com/posts/5777989/bharat-electronics-ltd-500049-announcement-under-regulation-30-lodr-award-of-order-receipt-of-order"
"11 Aug, 2026  9:08 AM (IST)","Gland Pharma","GLAND","543245","GLAND","INE068V01023","Margin Growth","Gland Pharma's Q1 EBITDA margin jumps 280 bps YoY, on lower finance costs & a richer business mix","https://trendlyne.com/posts/5777323/gland-pharma-ltd-543245-unaudited-financial-results-for-the-quarter-ended-june-30-2026"
"10 Aug, 2026  3:41 PM (IST)","AstraZeneca Pharma","ASTRAZEN","506820","ASTRAZEN","INE203A01020","Margin Decline","AstraZeneca Pharma's Q1 EBITDA margin drops 830 bps YoY on higher inventory, staff & selling costs","https://trendlyne.com/posts/5776725/astrazeneca-pharma-india-ltd-506820-outcome-of-the-board-meeting-held-on-monday-august-10-2026"
"10 Aug, 2026  3:28 PM (IST)","Info Edge","NAUKRI","532777","NAUKRI","INE663F01032","Margin Growth","Info Edge's Q1 EBITDA margin expands 210 bps YoY, led by lower staff, finance & advertising costs","https://trendlyne.com/posts/5776684/q1fy27-quarterly-result-announced-for-info-edge-india-ltd"
"10 Aug, 2026  3:23 PM (IST)","Glenmark Pharma","GLENMARK","532296","GLENMARK","INE935A01035","Target Upgrade","Deven Choksey retains an 'Accumulate' call on Glenmark, raises target to Rs 2,536 on strong outlook","https://trendlyne.com/posts/5770914/outlook"
"10 Aug, 2026  3:23 PM (IST)","Bharat Forge","BHARATFORG","500493","BHARATFORG","INE465A01025","Fundraise","Bharat Forge's board approves a Rs 2,500 crore fundraise by issuing equity or other securities","https://trendlyne.com/posts/5776735/bharat-forge-ltd-500493-board-meeting-outcome-for-outcome-of-the-board-meeting-held-on-august-10-2026"
"10 Aug, 2026  3:08 PM (IST)","Astra Microwave","ASTRAMICRO","532493","ASTRAMICRO","INE386C01029","Estimates Miss","Astra Microwave Products' Q1 revenue misses Forecaster estimates by 20.9% due to R&D project delays","https://trendlyne.com/equity/consensus-estimates/123/ASTRAMICRO/astra-microwave-products-ltd/"
"10 Aug, 2026  3:07 PM (IST)","Bajel Projects","BAJEL","544042","BAJEL","INE0KQN01018","Order Win","Bajel Projects wins two orders worth upto Rs 700 crore from Power Grid to set up transmission lines","https://trendlyne.com/latest-news/1845603/BAJEL/bajel-projects-ltd/"
"10 Aug, 2026  2:58 PM (IST)","CESC","CESC","500084","CESC","INE486A01021","Acquisition","CESC's arm to acquire a 1.4 GWp solar portfolio from ReNew Solar Power at an EV of Rs 4,859 crore","https://trendlyne.com/posts/5776497/cesc-ltd-500084-announcement-under-regulation-30-lodr-acquisition"
"10 Aug, 2026  2:26 PM (IST)","Emcure Pharma","EMCURE","544210","EMCURE","INE168P01015","Target Upgrade","Motilal Oswal retains a 'Buy' call on Emcure, raises target to Rs 2,300 citing a niche portfolio","https://trendlyne.com/posts/5772100/growth-momentum-stable-execution-shines"
"10 Aug, 2026  1:44 PM (IST)","Waaree Renewable ","WAAREERTL","534618","WAAREERTL","INE299N01021","Order Win","Waaree Renewable Energies secures an order to set up a 124 MWp solar PV project under the EPC mode","https://trendlyne.com/posts/5776195/waaree-renewable-technologies-ltd-534618-announcement-under-regulation-30-lodr-award-of-order-receipt-of-order"
"10 Aug, 2026  1:36 PM (IST)","Quality Power Electrical","QPOWER","544367","QPOWER","INE0SII01026","Positive Outlook","Quality Power's MD reiterates FY27 margin guidance of 20% driven by power demand from data centers","https://trendlyne.com/latest-news/2978666/QPOWER/quality-power-electrical-equipments-ltd/"
"10 Aug, 2026  1:34 PM (IST)","Kaynes Technology","KAYNES","543664","KAYNES","INE918Z01012","Falling Profit","Kaynes Tech's Q1 net profit drops 24% YoY due to higher input, staff, finance & depreciation costs","https://trendlyne.com/posts/5773248/kaynes-technology-india-ltd-543664-financial-results-for-the-quarter-ended-30-june-2026"
"10 Aug, 2026  1:06 PM (IST)","SAIL","SAIL","500113","SAIL","INE114A01011","Fundraise","SAIL reportedly plans a 5% FPO to help fund its Rs 15,000 crore FY27 capex","https://trendlyne.com/latest-news/1165/SAIL/steel-authority-of-india-sail-ltd/"
"10 Aug, 2026 12:47 PM (IST)","One97 Communications","PAYTM","543396","PAYTM","INE982J01020","Target Upgrade","Paytm surges on Monday as Bernstein sees 52% upside on higher earnings from merchant payment fees","https://trendlyne.com/latest-news/712312/PAYTM/one97-communications-ltd/"
"10 Aug, 2026 12:22 PM (IST)","Inox Wind","INOXWIND","539083","INOXWIND","INE066P01011","Estimates Miss","Inox Wind's Q1 net profit misses estimates by 27%, on higher input, facility, staff & finance costs","https://trendlyne.com/equity/consensus-estimates/1627/INOXWIND/inox-wind-ltd/"
"10 Aug, 2026 12:06 PM (IST)","BSE","BSE","-","BSE","INE118H01025","Index Inclusion","BSE rises on Monday as Nuvama expects Nifty 50 entry to attract $741 mn in passive inflows","https://trendlyne.com/latest-news/52884/BSE/bse-ltd/"
"10 Aug, 2026 11:44 AM (IST)","Aditya Birla Fashion","ABFRL","535755","ABFRL","INE647O01011","Rising Loss","ABFRL's Q1 net loss grows 1.5% YoY due to higher inventory, staff, finance & depreciation costs","https://trendlyne.com/posts/5774931/aditya-birla-fashion-and-retail-ltd-535755-board-meeting-outcome-for-unaudited-standalone-and-consolidated-financial-results-for-the-quarter-ended-june-30-2026"
"10 Aug, 2026 11:28 AM (IST)","HBL Power Systems","HBLENGINE","517271","HBLENGINE","INE292B01021","Margin Decline","HBL Engineering's Q1 net EBITDA margin plunges 890 bps YoY due to higher input and staff expenses","https://trendlyne.com/posts/5774997/hbl-engineering-ltd-517271-board-meeting-outcome-for-financial-results-of-the-company-for-the-quarter-ending-june-30-2026"
"10 Aug, 2026 11:02 AM (IST)","Sky Gold and Diamonds","SKYGOLD","541967","SKYGOLD","INE01IU01018","Positive Outlook","Sky Gold projects FY27 revenue over Rs 8,100 cr on retailer tie-ups, production agility & expansion","https://trendlyne.com/posts/5775741/sky-gold-and-diamonds-ltd-541967-announcement-under-regulation-30-lodr-investor-presentation"
"10 Aug, 2026 10:47 AM (IST)","Akums Drugs & Pharma","AKUMS","544222","AKUMS","INE09XN01023","Margin Growth","Akums Drugs' Q1 EBITDA margin jumps 240 bps YoY, led by inventory destocking & a richer product mix","https://trendlyne.com/posts/5774936/akums-drugs-and-pharmaceuticals-ltd-544222-board-meeting-outcome-for-un-audited-financial-results-for-the-quarter-ended-30th-june-2026"
"10 Aug, 2026 10:28 AM (IST)","Universal Cables","UNIVCABLES","504212","UNIVCABLES","INE279A01012","Capex Approval","Universal Cables' board approves tripling optical fibre capacity at its JV with a $500 mn capex","https://trendlyne.com/posts/5773937/universal-cables-ltd-504212-announcement-under-regulation-30-lodr-press-release-media-release"
"10 Aug, 2026 10:22 AM (IST)","Aarti Pharmalabs","AARTIPHARM","543748","AARTIPHARM","INE0LRU01027","Expansion","Aarti Pharmalabs' board approves a Rs 149 crore capex to set up a 405 kL intermediate block","https://trendlyne.com/posts/5773480/aarti-pharmalabs-ltd-543748-approval-of-unaudited-financial-results-standalone-and-consolidated-for-the-quarter-ended-june-30-2026"
"10 Aug, 2026  9:51 AM (IST)","Hitachi Energy","POWERINDIA","543187","POWERINDIA","INE07Y701011","Estimates Beat","Hitachi Energy’s Q1 net profit beats Forecaster estimates by 4.2% on better product mix","https://trendlyne.com/posts/5772634/q1fy27-quarterly-result-announced-for-hitachi-energy-india-ltd"
"10 Aug, 2026  9:13 AM (IST)","Titan Company","TITAN","500114","TITAN","INE280A01028","Rising Profit","Titan’s Q1 profit jumps 63% YoY to Rs 1,777 crore on strong jewellery demand and customs-duty gains","https://trendlyne.com/posts/5772067/titan-company-ltd-500114-unaudited-standalone-and-consolidated-financial-results-for-the-quarter-ended-30th-june-2026"